"id","business_name","city","typology","hybrid_detail","channel","project_name","project_volume_note","physical_exposure","physical_exposure_evidence","price_range_estimate","service_breadth","estimated_revenue","estimated_employees","purchasing_contact","email","phone","address","website","source_channel","content_language","source_urls","competitor_brands_mentioned","key_messages","raw_notes","country","segment","profile","priority","entry_angle","confidence","city_score","city_rank","map"
"lagos-stone-depot-by-impacto","Stone Depot by Impacto","Lagos","Distribuidor Piedra Natural","Combina distribución de piedra natural, cuarzo, porcelánico y fabricación/instalación; es además el distribuidor oficial actual de Cosentino en Nigeria","Retail","","","Sí","Dirección física con fábrica y showroom: 13 Our Saviour St, Lekki Peninsula II, Lekki 106104, Lagos. La web indica 'factory and showroom' y equipo disponible en persona para asesoría de producto/diseño.","Alto","Diseño+instalación+suministro","","No determinable","","info@stonedepotng.com","+234 905 549 4241","13 Our Saviour St, Lekki Peninsula II, Lekki 106104, Lagos, Nigeria","https://www.stonedepotng.com","Web propia","Inglés","https://www.stonedepotng.com/about-us/; https://www.stonedepotng.com/contact-us/","","Distribuidor oficial de Cosentino en Nigeria (Dekton, granito, mármol, cuarzo, porcelánico); Partnership entre Stone Depot Ghana e Impacto Nigeria para cubrir West Africa; Fábrica y showroom propios en Lekki Peninsula II con equipo técnico en persona","Es la base/referencia del proyecto, no un hueco de mercado: distribuidor actual de Cosentino en Nigeria. Incluido para contexto y para que el dataset final permita comparar cobertura. No se identifica un contacto de compras nominal en la web; todo pasa por el correo/telefono general. No se menciona explícitamente 'showroom de exhibición' como palabra pero sí instalaciones físicas con atención en persona.","Nigeria","Retail","Distribuidor Piedra Natural","Media","Auditar cobertura, almacén y capacidad de distribución antes de acordar canal.","Alta","90","1","{""city"":""Lagos"",""x"":0.82,""y"":0.74,""score"":90,""rank"":1}"
"lagos-auxxdsson-global-resources","Auxxdsson Global Resources","Lagos","Marmolista/Transformador","","Retail","","","Sí","Local físico en Block G Office 1, United Marble and Allied Products Dealers Association, Ultra Modern Plaza, Olayionu, Coker-Orile, Marble and Granite Plaza, Lagos","Medio","Diseño+instalación+suministro","","No determinable","","auxxdsson@gmail.com","+234 8035529314 / +234 8030934329","Block G Office 1, United Marble And Allied Products Dealers Association, Ultra Modern Plaza, Olayionu, Coker-Orile, Marble And Granite Plaza, Lagos","https://auxxdsson.com","Web propia","Inglés","https://auxxdsson.com/update/marble-granite-and-quartz-slabs-and-tiles/1615666; https://auxxdsson.com/search/tags/marble-and-granite-company-in-lagos-nigeria-marble-company-granite-company-quartz-company-quartz-countertops","Corian (menciona producto Corian y vidrio nano-cristalizado)","Fabricante/proveedor de mármol, granito y cuarzo en slabs y tiles; Ubicado en el mercado mayorista de mármol de Coker-Orile (zona industrial, no showroom de diseño premium); Sitio con traductor multi-idioma, orientado también a compradores internacionales","RC 2973126. Ubicado en el 'Marble and Granite Plaza' de Coker-Orile, el principal clúster mayorista de importación de piedra de Lagos (zona industrial/comercial, no residencial premium). Segmento medio, posible candidato a sub-distribución de volumen pero no encaja con posicionamiento de showroom de diseño de alta gama.","Nigeria","Retail","Marmolista/Transformador","Media","Auditar taller, CNC, instalación y capacidad de transformar formatos grandes.","Alta","90","1","{""city"":""Lagos"",""x"":0.82,""y"":0.74,""score"":90,""rank"":1}"
"lagos-maldini-granites-marbles","Maldini Granites & Marbles Ltd","Lagos","Distribuidor Piedra Natural","","Retail","","","Sí","Dirección física listada en directorio de negocios: 41A Western Avenue, cerca del National Stadium, Surulere","Alto","Diseño+instalación+suministro","","No determinable","","","0803 307 9719 / 0803 300 8998 / 0903 491 5646","41A Western Avenue, Near National Stadium, Surulere, Lagos","","Google Business","Inglés","https://www.finelib.com/cities/lagos/business/construction/building/building-materials/marble-and-granite; https://www.topnaijabiz.com/best-granite-suppliers-in-lagos/","","Importador y vendedor de granito y mármol en slabs y tiles; Clasificado como proveedor 'premium' con granito importado y mosaicos en ranking de topnaijabiz; Sin web propia identificada; presencia solo en directorios/Google Business","Aparece en dos listados independientes (finelib y topnaijabiz) como uno de los principales suministradores de granito/mármol de Lagos, categorizado premium. No se encontró website propio ni redes sociales verificables en esta pasada de búsqueda.","Nigeria","Retail","Distribuidor Piedra Natural","Watch","Auditar cobertura, almacén y capacidad de distribución antes de acordar canal.","Baja","90","1","{""city"":""Lagos"",""x"":0.82,""y"":0.74,""score"":90,""rank"":1}"
"lagos-samsonite-homes","Samsonite Homes Nig Ltd","Lagos","Marmolista/Transformador","","Retail","","","Sí","Dirección física: 13 Shehu Street, Lakeview Estate Phase 2, Amuwo Odofin / también referenciada en Alafia Street, Amukoko","Medio","Diseño+instalación+suministro","","No determinable","","","0803 333 6982 / 0805 555 1284","13 Shehu Street, Lakeview Estate Phase 2, Amuwo Odofin, Lagos","","Google Business","Inglés","https://www.finelib.com/cities/lagos/business/construction/building/building-materials/marble-and-granite; https://www.topnaijabiz.com/best-granite-suppliers-in-lagos/","","Uno de los nombres más citados por residentes de Lagos para granito/mármol; Rango de precio citado: ₦30,000–90,000+ por m² para slabs de granito y encimeras de cocina; Segmento medio-alto, orientado a particulares y pequeños proyectos","Nombre recurrente en múltiples búsquedas (foros y rankings) como referencia de mercado para granito en Lagos. Clasificado 'Medium-Premium' en topnaijabiz. Sin website propio localizado.","Nigeria","Retail","Marmolista/Transformador","Media","Auditar taller, CNC, instalación y capacidad de transformar formatos grandes.","Media","90","1","{""city"":""Lagos"",""x"":0.82,""y"":0.74,""score"":90,""rank"":1}"
"lagos-bluestar-marbles","Bluestar Marbles (Bluestar Finishing Company Ltd)","Lagos","Distribuidor Piedra Natural","","Retail","","","Sí","Dos direcciones físicas reportadas: 37 Badagry Expressway, Odofin Industrial Layout, Alaba-Suru Mile 2, y Lagos-Epe Expressway, Lekki Phase 1","Alto","Diseño+instalación+suministro","","No determinable","","","0704 576 1297 / 0807 951 4294 / 0909 954 9106","37 Badagry Expressway, Odofin Industrial Layout, Alaba-Suru Mile 2, Lagos (sucursal también en Lekki Phase 1)","","Google Business","Inglés","https://www.finelib.com/cities/lagos/business/construction/building/building-materials/marble-and-granite; https://www.topnaijabiz.com/best-granite-suppliers-in-lagos/","","Especializado en granito y superficies de cuarzo importadas; Clasificado como proveedor premium en ranking topnaijabiz; Doble ubicación: zona industrial (Alaba-Suru) y zona premium (Lekki Phase 1), lo que sugiere alcance tanto mayorista como de cliente final","Presencia en Lekki Phase 1 (zona premium, cerca de Stone Depot) lo hace relevante como posible punto de contacto competidor o candidato a partnership. No se localizó website propio.","Nigeria","Retail","Distribuidor Piedra Natural","Media","Auditar cobertura, almacén y capacidad de distribución antes de acordar canal.","Media","90","1","{""city"":""Lagos"",""x"":0.82,""y"":0.74,""score"":90,""rank"":1}"
"lagos-jeuton-finishing","Jeuton Finishing","Lagos","Marmolista/Transformador","","Retail","","","Sí","Dirección física: Omogiafo Close, Coker, Lagos","Alto","Diseño+instalación+suministro","","No determinable","","","+234 802 966 5053","Omogiafo Close, Coker, Lagos","","Google Business","Inglés","https://www.topnaijabiz.com/best-granite-suppliers-in-lagos/","","Especializado en fabricación de granito, mármol y piedra; Clasificado premium en ranking de proveedores de Lagos","Poca información adicional disponible más allá del ranking topnaijabiz. No se localizó website ni redes sociales propias.","Nigeria","Retail","Marmolista/Transformador","Media","Auditar taller, CNC, instalación y capacidad de transformar formatos grandes.","Media","90","1","{""city"":""Lagos"",""x"":0.82,""y"":0.74,""score"":90,""rank"":1}"
"lagos-marblebros","MarbleBros","Lagos","Distribuidor Piedra Natural","","Retail","","","Sí","Dirección física: STI Plaza, Mile 2, Orile Expressway, Lagos","Medio","Diseño+instalación+suministro","","No determinable","","","+234 803 761 2512","STI Plaza, Mile 2, Orile Expressway, Lagos","","Google Business","Inglés","https://www.topnaijabiz.com/best-granite-suppliers-in-lagos/","","Slabs de granito y encimeras de cocina; Segmento medio según ranking","Segmento más bajo que otros candidatos; incluido para completar el panorama del canal retail pero probablemente no prioritario para Cosentino (gama premium).","Nigeria","Retail","Distribuidor Piedra Natural","Media","Auditar cobertura, almacén y capacidad de distribución antes de acordar canal.","Media","90","1","{""city"":""Lagos"",""x"":0.82,""y"":0.74,""score"":90,""rank"":1}"
"lagos-tarstone-company","Tarstone Company Ltd","Lagos","Distribuidor Piedra Natural","","Retail","","","Sí","Dirección física: No 8/10, Kayode Street, Apapa, Lagos","Medio","Diseño+instalación+suministro","","No determinable","","","0706 260 6145","8/10 Kayode Street, Apapa, Lagos","","Google Business","Inglés","https://www.finelib.com/cities/lagos/business/construction/building/building-materials/marble-and-granite","","Venta de mármol, granito y servicios de construcción relacionados; Ubicado en Apapa, zona portuaria/industrial — relevante logísticamente por cercanía a puerto","Ubicación en Apapa (zona del puerto de Lagos) podría ser relevante para logística de importación, aunque el perfil de cliente parece más constructor/contratista que showroom de diseño.","Nigeria","Retail","Distribuidor Piedra Natural","Media","Auditar cobertura, almacén y capacidad de distribución antes de acordar canal.","Media","90","1","{""city"":""Lagos"",""x"":0.82,""y"":0.74,""score"":90,""rank"":1}"
"lagos-il-bagno-nigeria","IL Bagno Nigeria","Lagos","Kitchen & Bath Showroom","","Retail","","","Sí","Showroom confirmado en Victoria Island, con horario propio de sábado distinto al resto; dirección adicional registrada: 1A Goshen Estate Road, Lekki-Epe Expressway, Lagos","Alto","Diseño+instalación+suministro","","No determinable","Michael (contacto nominal vía email)","michael@ilbagnonigeria.com","+234 8035951185 / +234 8035024028","1A Goshen Estate Road, Lekki-Epe Expressway, Lagos (showroom adicional en Victoria Island)","https://www.ilbagnonigeria.com","Web propia","Inglés","https://www.ilbagnonigeria.com/services/our-showrooms","Duravit, Hansgrohe, Laufen, Jika, Siematic, Nobilia Poliform, Oikos, Lualdi, Sicis, Mirage","Showroom multi-marca de sanitarios, cocinas y acabados de gama alta (marcas italianas/alemanas); Dos showrooms físicos en zonas premium de Lagos (Lekki y Victoria Island); Posicionamiento de lifestyle/diseño de alta gama, cliente final + proyectos residenciales de lujo","Candidato fuerte para partnership retail: perfil de showroom multimarca premium ya trabaja con marcas de diseño italianas de gama alta, target de cliente similar al de Cosentino. Tiene contacto nominal (Michael) a diferencia de la mayoría de resultados.","Nigeria","Retail","Kitchen & Bath Showroom","Media","Exposición compacta con muestras de alto impacto y formación comercial.","Alta","90","1","{""city"":""Lagos"",""x"":0.82,""y"":0.74,""score"":90,""rank"":1}"
"lagos-alneli-bathrooms","Alneli Bathrooms & More","Lagos","Kitchen & Bath Showroom","","Retail","","","Sí","Testimonios de clientes referencian visitas a la tienda física; dirección: 12b Fola Osibo Street, Lekki Phase 1, Lagos","Medio","Diseño+instalación+suministro","","No determinable","","","","12b Fola Osibo Street, Lekki Phase 1, Lagos","https://alneli.com.ng","Web propia","Inglés","https://alneli.com.ng/","","Tienda de fittings de baño y accesorios (grifería, sanitarios, duchas, espejos) en Lekki Phase 1; Showroom físico confirmado con testimonios de visita presencial; Enfoque en producto terminado/accesorios, no en encimeras/superficies — complementario más que competidor directo","Más orientado a grifería/sanitarios que a superficies, pero en la zona premium de Lekki Phase 1; podría servir como canal de prescripción cruzada (cliente que reforma baño completo) más que como punto de venta de superficies.","Nigeria","Retail","Kitchen & Bath Showroom","Media","Exposición compacta con muestras de alto impacto y formación comercial.","Alta","90","1","{""city"":""Lagos"",""x"":0.82,""y"":0.74,""score"":90,""rank"":1}"
"lagos-oniks365","Oniks365 (Bathrooms365)","Lagos","Kitchen & Bath Showroom","","Retail","","","No determinable","La web menciona 'Store Locator' y referencias a showroom físico pero sin dirección exacta verificable; oficina citada en Freedom Line, Odunade Building Material Market, Coker, Badagry Expressway","Medio","Diseño+instalación+suministro","","No determinable","","sales@bathrooms365.com.ng","+2347031805281","Freedom Line, Odunade Building Material Market, Coker, Badagry Expressway, Lagos","https://bathrooms365.com.ng","Web propia","Inglés","https://bathrooms365.com.ng/","Polystar","Autodescrito como proveedor 'luxury' de grifería y equipamiento de cocina/baño; Plataforma e-commerce con integración WhatsApp, más orientado a venta online que a showroom de diseño; Segmento medio-alto pero con posicionamiento más transaccional que experiencial","Modelo más de e-commerce/distribución que de showroom de diseño; relevancia media para Cosentino salvo como canal de distribución de volumen.","Nigeria","Retail","Kitchen & Bath Showroom","Media","Exposición compacta con muestras de alto impacto y formación comercial.","Alta","90","1","{""city"":""Lagos"",""x"":0.82,""y"":0.74,""score"":90,""rank"":1}"
"lagos-baron-bathrooms","Baron Bathrooms","Lagos","Kitchen & Bath Showroom","","Retail","","","Sí","Showroom físico en 23, Fola Jinadu Crescent, off Ebun Street, Gbagada, Lagos","Medio","Diseño+instalación+suministro","","No determinable","","","","23, Fola Jinadu Crescent, off Ebun Street, By Charly Boy Bus Stop, Gbagada, Lagos","https://baronbathrooms.ng","Web propia","Inglés","https://baronbathrooms.ng/bathroom/basin/","","Venta de sanitarios y accesorios de baño (lavabos, etc.); Zona Gbagada (mainland), segmento medio, fuera de los clústeres premium de Lekki/VI/Ikoyi","Perfil similar a Alneli/Oniks365 pero en zona mainland de menor poder adquisitivo relativo; prioridad baja para Cosentino.","Nigeria","Retail","Kitchen & Bath Showroom","Media","Exposición compacta con muestras de alto impacto y formación comercial.","Alta","90","1","{""city"":""Lagos"",""x"":0.82,""y"":0.74,""score"":90,""rank"":1}"
"lagos-bezalil-housesolutions","Bezalil HouseSolutions Ltd","Lagos","Distribuidor Piedra Natural","Distribuidor de piedra natural y cuarzo combinado con servicios de instalación/contratista (tiling, plomería, eléctrico, pintura)","Retail","","","No determinable","No se encontró dirección física en la web; opera como red de contratistas con 9 años de experiencia y 89 proyectos completados","Medio","Diseño+instalación+suministro","","No determinable","","info@housesolutions.com.ng","","","https://housesolutions.com.ng","Web propia","Inglés","https://housesolutions.com.ng/tiling-natural-stone/","Quanta Quartz (cuarzo importado de India/Turquía)","Suministro e instalación de mármol, granito, arenisca, pizarra y terracota importados de India y Turquía; Oferta de cuarzo 'Quanta Quartz' como alternativa a superficies de ingeniería; 9 años de experiencia, 89 proyectos, garantía de 12 meses — perfil de contratista especializado más que showroom","Modelo de negocio basado en contratista/instalador con catálogo de materiales, no tiene showroom físico identificado. Podría ser un instalador cualificado para Cosentino más que un punto de venta con exposición física.","Nigeria","Retail","Distribuidor Piedra Natural","Media","Auditar cobertura, almacén y capacidad de distribución antes de acordar canal.","Alta","90","1","{""city"":""Lagos"",""x"":0.82,""y"":0.74,""score"":90,""rank"":1}"
"lagos-kaluk-furniture-systems","Kaluk Furniture Systems","Lagos","Distribuidor Piedra Natural","Combina mobiliario con fabricación/instalación de superficies de granito y cuarzo","Retail","","","No determinable","Se identifica como 'authorized supplier, seller, fabricator and installer of granite and quartz surfaces in Lagos, Nigeria' en snippet de búsqueda; no se pudo verificar web con WebFetch en esta pasada","No determinable","Diseño+instalación+suministro","","No determinable","","","","","","Varios","Inglés","https://www.exporthub.com/nigeria/quartz-stone-manufacturers/","","Autodenominado proveedor/fabricante/instalador autorizado de superficies de granito y cuarzo","Solo se dispone de snippet de búsqueda; no se localizó ni verificó website propio directamente. Pendiente de profundizar en una siguiente pasada si se requiere mayor detalle.","Nigeria","Retail","Distribuidor Piedra Natural","Watch","Auditar cobertura, almacén y capacidad de distribución antes de acordar canal.","Baja","90","1","{""city"":""Lagos"",""x"":0.82,""y"":0.74,""score"":90,""rank"":1}"
"lagos-teal-harmony-designs","Teal-Harmony Designs","Lagos","Interior Designer","","Retail","","","Sí","Oficina/estudio en 270 Ozumba Mbadiwe Avenue, Victoria Island, Lagos","Alto","Solo diseño","","No determinable","","hello@teal-harmony.com","+234 817 578 5482 / +234 908 611 7273","270 Ozumba Mbadiwe Avenue, Victoria Island, Lagos","https://teal-harmony.com","Web propia","Inglés","https://teal-harmony.com/luxury-home-interior-design-companies-in-lagos/","","Estudio de interiorismo de lujo para residencias en Lagos; Listado entre los top 5 estudios de interiorismo de lujo de Lagos; Prescriptor potencial de superficies premium en proyectos residenciales de alto standing","Único estudio con contacto completo verificado entre los 5 mencionados en el artículo (los otros 4: DO II Designs, Bianco' Val Interiors, CC Interior Design Studio, iDesign by Tola Akerele, no tienen contacto público localizado en esta pasada).","Nigeria","Retail","Interior Designer","Media","Presentación de superficies y biblioteca de muestras para proyectos premium.","Alta","90","1","{""city"":""Lagos"",""x"":0.82,""y"":0.74,""score"":90,""rank"":1}"
"lagos-vivabella-designs","Vivabella Designs","Lagos","Interior Designer","","Retail","","","No determinable","No se verificó dirección física ni web directamente en esta pasada; descrito en snippet de búsqueda como estudio de interiorismo de lujo premiado (International Property Award)","Alto","Solo diseño","","No determinable","","","","","","Varios","Inglés","https://jeccl.com/top-interior-design-firms-lagos-nigeria/","","Estudio de interiorismo de lujo bespoke, premiado internacionalmente; Especializado en residencias de alta gama","Pendiente de verificar website/contacto directo con WebFetch; solo snippet de búsqueda analizado en esta pasada por límite de tiempo.","Nigeria","Retail","Interior Designer","Watch","Presentación de superficies y biblioteca de muestras para proyectos premium.","Baja","90","1","{""city"":""Lagos"",""x"":0.82,""y"":0.74,""score"":90,""rank"":1}"
"lagos-desiod-interior","DESIOD Interior","Lagos","Interior Designer","","Retail","","","No determinable","No verificado con WebFetch en esta pasada","Alto","Solo diseño","","No determinable","","","","","","Varios","Inglés","https://jeccl.com/top-interior-design-firms-lagos-nigeria/","","Estudio de interiorismo de lujo orientado a residencias elegantes y sofisticadas","Solo snippet de búsqueda analizado; pendiente de WebFetch directo a su web para verificar dirección, contacto y evidencia de proyectos.","Nigeria","Retail","Interior Designer","Watch","Presentación de superficies y biblioteca de muestras para proyectos premium.","Baja","90","1","{""city"":""Lagos"",""x"":0.82,""y"":0.74,""score"":90,""rank"":1}"
"lagos-maison-consulting","Maison Consulting","Lagos","Híbrido","Arquitectura + interiorismo (full-service architectural interior design)","Retail","","","No determinable","No verificado con WebFetch en esta pasada","Alto","Diseño+construcción+promoción","","No determinable","","","","","","Varios","Inglés","https://jeccl.com/top-interior-design-firms-lagos-nigeria/","","Empresa full-service de arquitectura e interiorismo para proyectos residenciales y comerciales","Solo snippet de búsqueda; pendiente de verificación directa.","Nigeria","Retail","Interior Designer","Watch","Presentación de superficies y biblioteca de muestras para proyectos premium.","Baja","90","1","{""city"":""Lagos"",""x"":0.82,""y"":0.74,""score"":90,""rank"":1}"
"lagos-decor-nigeria","Decor Nigeria","Lagos","Interior Designer","","Retail","","","No determinable","No verificado con WebFetch en esta pasada","Alto","Solo diseño","","No determinable","","","","","","Varios","Inglés","https://jeccl.com/top-interior-design-firms-lagos-nigeria/","","Empresa de interiorismo 'tech-enabled' para residencias de alta gama, incluye mobiliario a medida y space planning","Solo snippet de búsqueda; pendiente de verificación directa.","Nigeria","Retail","Interior Designer","Watch","Presentación de superficies y biblioteca de muestras para proyectos premium.","Baja","90","1","{""city"":""Lagos"",""x"":0.82,""y"":0.74,""score"":90,""rank"":1}"
"lagos-cmdesign-atelier","cmDesign Atelier","Lagos","Híbrido","Arquitectura + interiorismo de lujo; trabaja tanto con clientes particulares de alta gama (retail) como en proyectos de mayor escala","Retail","Lantern House (villa en Banana Island)","Villa unifamiliar de lujo en Banana Island; no se identifica m² de superficie aplicable, probablemente por debajo del umbral de 2.000 m² (clasificado como Retail/cliente particular)","No determinable","No se verificó dirección física ni showroom con WebFetch en esta pasada","Alto","Diseño+construcción+promoción","","No determinable","","","","","","Varios","Inglés","https://cceonlinenews.com/construction/profession/top-5-architectural-firms-in-nigeria-2/","","Especializado en residencias de ultra-lujo en Banana Island y otras zonas premium de Lagos; Portafolio incluye tanto villas particulares (retail) como edificios comerciales de mayor escala","Clasificado en Retail por tratarse de encargos residenciales individuales de lujo (villas), no de desarrollos de gran volumen; si en una siguiente pasada se confirma que trabaja proyectos de promoción >2.000 m², reclasificar a Proyectos o duplicar registro.","Nigeria","Retail","Interior Designer","Watch","Presentación de superficies y biblioteca de muestras para proyectos premium.","Media","90","1","{""city"":""Lagos"",""x"":0.82,""y"":0.74,""score"":90,""rank"":1}"
"abuja-ofl-marble-granite","OFL Marble & Granite Ltd (OMG)","Abuja","Marmolista/Transformador","","Retail","","","Sí","Showroom en 2B Anambra Crescent, Off Nile Street, Maitama, Abuja (zona premium de Abuja).","Alto","Diseño+instalación+suministro","","No determinable (opera cantera y fábrica propia, produce >1.500 m2/día en conjunto con Premium Marbles & Granite Limited)","","info@oflmarbleandgranite.com","+234 809 104 0414","2B Anambra Crescent, Off Nile Street, Maitama, Abuja","https://www.oflmarbleandgranite.com","Web propia","Inglés","https://www.oflmarbleandgranite.com","","Fabricante indígena de mármol y granito premium con cantera y fábrica propias; Partnership con Premium Marbles & Granite Limited, >1.500 m2/día de capacidad combinada; Showroom en Maitama, la zona más prestigiosa de Abuja","El primer WebFetch directo a oflmarbleandgranite.com devolvió error 500; los datos provienen del snippet de WebSearch. Es el actor local más relevante identificado en Abuja: fabricante+cantera propia con showroom en Maitama. Candidato fuerte para sub-partner local o al menos visita comercial prioritaria. Pendiente: verificar web directamente en una sesión futura (reintentar WebFetch) y buscar en LinkedIn/Instagram para nombre de responsable de compras.","Nigeria","Retail","Marmolista/Transformador","Media","Auditar taller, CNC, instalación y capacidad de transformar formatos grandes.","Baja","76","2","{""city"":""Abuja"",""x"":0.53,""y"":0.4,""score"":76,""rank"":2}"
"abuja-cibi-nigeria","CIBI Nigeria Limited","Abuja","Marmolista/Transformador","También distribuidor de piedra natural (granito) y fabricante de productos tallados (lápidas, mesas)","Retail","","","Sí","Showroom confirmado en Abuja (además de sede/fábrica en Kaduna); mencionado en búsquedas como distribuidor con presencia en Abuja.","Medio","Diseño+instalación+suministro","","Más de 75 empleados (ingenieros, project managers, control de calidad)","","info@cibigranite.info","+234 9096602766 / +234 8067831580 / +234 7039822670","Sede/fábrica: Plot F3 CIBI road, Mando Light Industrial Layout, Mando, Kaduna. Showroom en Abuja (dirección exacta no determinable desde la web).","https://www.cibigranite.com/","Web propia","Inglés","https://www.cibigranite.com/; https://www.linkedin.com/company/cibi-granite","","Empresa indígena fundada en 1992, cantera y procesado de granito nigeriano; Más de 6.500 clientes servidos, 3.679 proyectos completados; 12+ variedades de color de granito, encimeras de cocina incluidas","Sede y fábrica principal en Kaduna, no en Abuja, pero tiene showroom/distribución en Abuja (confirmado en snippets de búsqueda, aunque la web propia no detalla la dirección exacta de ese showroom). Empresa consolidada con gran volumen de proyectos — candidato interesante para evaluar como sub-partner regional (Kaduna-Abuja), aunque fuera del foco geográfico estricto de Abuja ciudad.","Nigeria","Retail","Marmolista/Transformador","Media","Auditar taller, CNC, instalación y capacidad de transformar formatos grandes.","Baja","76","2","{""city"":""Abuja"",""x"":0.53,""y"":0.4,""score"":76,""rank"":2}"
"abuja-c-ceramica","C-Ceramica (showroom Abuja)","Abuja","Kitchen & Bath Showroom","","Retail","","","Sí","Showroom confirmado en Suite A04, Mall @ 18, 18 Dar-Es-Salam St, off Aminu Kano Crescent, Wuse II, Abuja.","Alto","Diseño+instalación+suministro","","","","abuja.admin@c-ceramica.com","+234 818 039 9039","Suite A04, Mall @ 18, 18 Dar-Es-Salam St, off Aminu Kano Crescent, Wuse II 900288, FCT, Abuja","https://www.c-ceramica.com/","Web propia","Inglés","https://www.c-ceramica.com/","","Proveedor líder de soluciones de baño y materiales de construcción en Nigeria desde 2010; Posicionamiento premium/lujo en sanitarios, grifería y mobiliario de baño; Presencia dual Lagos (sede, Victoria Island) + Abuja (showroom Wuse II)","Empresa matriz con sede en Lagos (Victoria Island) pero con showroom propio y activo en Abuja (Wuse II). No vende countertops de piedra directamente (foco en sanitarios/grifería/mobiliario de baño) pero es un canal relevante de cross-selling e introducción a especificadores de baños de lujo. No se detectaron menciones de marcas competidoras de superficies (Caesarstone, Neolith, etc.).","Nigeria","Retail","Kitchen & Bath Showroom","Media","Exposición compacta con muestras de alto impacto y formación comercial.","Alta","76","2","{""city"":""Abuja"",""x"":0.53,""y"":0.4,""score"":76,""rank"":2}"
"abuja-natural-stone-industries","Natural Stone Industries LTD","Abuja","Distribuidor Piedra Natural","","Retail","","","Sí","Ubicados en Garki, Abuja; página de Facebook con productos de revestimiento en piedra natural.","Medio","Diseño+instalación+suministro","","","","nsinigeria2013@gmail.com","+234 707 833 0095","Garki, Abuja, FCT","","Facebook","Inglés","https://www.facebook.com/people/Natural-Stone-Industries-LTD/61559348867191/","","Productores de revestimiento en piedra natural: stackstones, mosaicos, mushroom stones, culture stones, ledgestones; Enfoque en revestimiento decorativo más que en encimeras","Solo presencia confirmada en Facebook (perfil de empresa), sin web propia localizada. No se pudo hacer WebFetch de Facebook (requiere login/JS). Producto es revestimiento decorativo, no necesariamente encimeras — relevante para la categoría 'fachadas/revestimientos' de Cosentino (Dekton) más que Silestone.","Nigeria","Retail","Distribuidor Piedra Natural","Media","Auditar cobertura, almacén y capacidad de distribución antes de acordar canal.","Media","76","2","{""city"":""Abuja"",""x"":0.53,""y"":0.4,""score"":76,""rank"":2}"
"abuja-ogb-tiles-marbles","OGB Tiles 'N' Marbles Ltd.","Abuja","Marmolista/Transformador","También distribuidor de tiles","Retail","","","Sí","Dos ubicaciones confirmadas: Suite 12, OGB Plaza, Plot 561 Obafemi Awolowo Way, Mabushi, Abuja; y puesto en el Intl Building Materials Market, Dei-Dei, Abuja.","Medio","Diseño+instalación+suministro","","","","ogbpartners@yahoo.com","0803 320 2667 / 09 222 1318 / 0906 526 1755 / +234 706 592 9083 (Dei-Dei)","Suite 12, OGB Plaza, Plot 561 Obafemi Awolowo Way, Mabushi, Abuja FCT; puesto adicional en Dei-Dei Building Materials Market","","Varios","Inglés","https://www.finelib.com/listing/OGB-Marble--Tiles-Ltd/18368/; https://www.goafricaonline.com/ng/1014553-ogb-tiles-n-marbles-ltd; https://ng.worldorgs.com/catalog/abuja,-fct/marble-supplier/ogbtilesnmarblesltd","","Distribuidor consolidado de mármol y granito con presencia en Mabushi y en el mercado mayorista de Dei-Dei; Segmento medio, orientado a volumen/precio más que a marca premium","Listado en múltiples directorios de negocios (finelib, goafricaonline, worldorgs) pero sin web propia. Representativo del canal mayorista/tradicional de Dei-Dei, que domina gran parte del mercado de piedra en Abuja a precios bajos-medios (no es el segmento prioritario de Cosentino, pero relevante para entender la competencia de precio).","Nigeria","Retail","Marmolista/Transformador","Media","Auditar taller, CNC, instalación y capacidad de transformar formatos grandes.","Media","76","2","{""city"":""Abuja"",""x"":0.53,""y"":0.4,""score"":76,""rank"":2}"
"abuja-ebo9-tiles-marble","Ebo9 Tiles & Marble Abuja","Abuja","Marmolista/Transformador","","Retail","","","No determinable","Listado en directorio de negocios de Dei-Dei (destinali.com) sin confirmación visual de showroom.","No determinable","No determinable","","","","","","Dei-Dei Building Materials Market, Abuja","","Varios","Inglés","https://destinali.com/abuja/building-materials/ebo9-tiles-marble-abuja-abuja","","Vendedor de tiles y mármol en el mercado de Dei-Dei","Solo encontrado en listado de directorio, sin web propia ni redes sociales localizadas, sin teléfono/email verificado. Incluido por completitud del panorama de Dei-Dei pero con baja prioridad (segmento bajo-medio, datos insuficientes).","Nigeria","Retail","Marmolista/Transformador","Watch","Auditar taller, CNC, instalación y capacidad de transformar formatos grandes.","Media","76","2","{""city"":""Abuja"",""x"":0.53,""y"":0.4,""score"":76,""rank"":2}"
"abuja-success-marble-company","Success Marble Company Limited","Abuja","Marmolista/Transformador","","Retail","","","No determinable","Mencionado como fabricante/distribuidor de tiles y mármoles en el mercado de Dei-Dei, Abuja, sin confirmación directa de web/showroom.","No determinable","No determinable","","","","","","Dei-Dei Building Materials Market, Abuja","","Varios","Inglés","https://www.waze.com/live-map/directions/ng/federal-capital-territory/abuja/access-bank-plc-dei-dei-abuja,-building-materials-market","","Fabricante/distribuidor de tiles y mármoles en Dei-Dei","Solo mencionado en snippet de búsqueda general sobre el mercado de Dei-Dei, sin fuente propia verificable. No se encontró web, teléfono ni dirección exacta. Baja confianza en los datos — se incluye como referencia de que existe pero requiere verificación en campo/visita comercial.","Nigeria","Retail","Marmolista/Transformador","Watch","Auditar taller, CNC, instalación y capacidad de transformar formatos grandes.","Baja","76","2","{""city"":""Abuja"",""x"":0.53,""y"":0.4,""score"":76,""rank"":2}"
"abuja-bluestar-finishing","Bluestar Finishing Company Limited","Abuja","Distribuidor Piedra Natural","","Retail","","","No determinable","Descrito como 'prominente proveedor de tiles y losas de granito de alta calidad en Nigeria y África Occidental' con sede en Abuja, según snippet de búsqueda; no se accedió a web propia.","Medio","No determinable","","","","","","Abuja (dirección exacta no determinada)","","Varios","Inglés","búsqueda web: 'Abuja natural stone distributor Nigeria' (snippet agregado, sin URL única directa confirmada)","","Amplio inventario de granito en tiles y losas, alcance regional en África Occidental","Solo datos de snippet agregado de WebSearch; no se localizó web propia ni redes sociales en esta sesión. Pendiente de verificación directa (buscar 'Bluestar Finishing Company Nigeria' con más variantes o en directorios tipo VConnect/Finelib) en una sesión futura.","Nigeria","Retail","Distribuidor Piedra Natural","Watch","Auditar cobertura, almacén y capacidad de distribución antes de acordar canal.","Baja","76","2","{""city"":""Abuja"",""x"":0.53,""y"":0.4,""score"":76,""rank"":2}"
"abuja-shades-of-seven","Shades of Seven","Abuja","Interior Designer","También descrita como estudio de arquitectura e interiorismo combinado","Retail","","","No determinable","Descrita en snippet de búsqueda como 'top-tier interior design and architecture company' en Abuja; el WebFetch directo al blog devolvió página vacía/error, no se confirmó dirección física.","Alto","Diseño+construcción+promoción","","","","","","","https://shadesofseven.com/","Web propia","Inglés","https://shadesofseven.com/2025/05/13/blog/","","Diseño de interiores y arquitectura de lujo para apartamentos de alta gama y oficinas corporativas; Posicionamiento premium, estética funcional","El WebFetch al blog de shadesofseven.com devolvió contenido vacío (probablemente requiere JS). Datos extraídos del snippet de resultados de WebSearch. Pendiente: reintentar con URL de la home (shadesofseven.com) directamente, o buscar su perfil de Instagram/LinkedIn para contacto y dirección.","Nigeria","Retail","Interior Designer","Watch","Presentación de superficies y biblioteca de muestras para proyectos premium.","Baja","76","2","{""city"":""Abuja"",""x"":0.53,""y"":0.4,""score"":76,""rank"":2}"
"abuja-kj-interior-designs","KJ Interior Designs","Abuja","Interior Designer","","Retail","","","No determinable","Sin confirmación por WebFetch (error de certificado SSL en el dominio); datos basados en snippet de búsqueda.","Medio","Diseño+instalación+suministro","","","","","","","https://www.kjinterior.com.ng/","Web propia","Inglés","https://www.kjinterior.com.ng/","","Decoración y diseño de interiores para hogares modernos, oficinas y espacios comerciales de lujo en Abuja","WebFetch falló por error de certificado SSL del dominio (cert no coincide con el hostname). Datos del snippet de WebSearch. Pendiente de reintentar vía navegador/playwright en sesión futura si se requiere más detalle.","Nigeria","Retail","Interior Designer","Watch","Presentación de superficies y biblioteca de muestras para proyectos premium.","Baja","76","2","{""city"":""Abuja"",""x"":0.53,""y"":0.4,""score"":76,""rank"":2}"
"abuja-lead-interior","Lead Interior","Abuja","Interior Designer","","Retail","","","No determinable","Página propia (leadinteriordecor.com) accedida parcialmente; no incluía dirección física en el contenido extraído.","Alto","Diseño+instalación+suministro","","","","","","","https://leadinteriordecor.com/","Web propia","Inglés","https://leadinteriordecor.com/interior-decor-companies/","","Soluciones de interiorismo de lujo para viviendas, espacios corporativos y gubernamentales; Énfasis en elegancia, funcionalidad e innovación","Página propia lista a otras empresas del sector (que se incluyen como registros separados: Space Designers, The Interior Workshop, Bluewaters Design, iDesign Interiors, Caesar Interiors, Form and Function). Pendiente contactar vía formulario de contacto de la web para datos de contacto directos.","Nigeria","Retail","Interior Designer","Watch","Presentación de superficies y biblioteca de muestras para proyectos premium.","Baja","76","2","{""city"":""Abuja"",""x"":0.53,""y"":0.4,""score"":76,""rank"":2}"
"abuja-bluewaters-design","Bluewaters Design","Abuja","Interior Designer","","Retail","","","No determinable","Mencionada en artículo de terceros (leadinteriordecor.com) sin web propia verificada en esta sesión.","Alto","Diseño+instalación+suministro","","","","","","","","Varios","Inglés","https://leadinteriordecor.com/interior-decor-companies/","","Interiores de lujo usando 'materiales premium de todo el mundo' y artesanos expertos","Dato de tercera fuente (artículo comparativo); mención explícita de uso de materiales premium importados, lo cual la hace candidata interesante para contacto directo de Cosentino. Pendiente localizar web/redes propias.","Nigeria","Retail","Interior Designer","Watch","Presentación de superficies y biblioteca de muestras para proyectos premium.","Baja","76","2","{""city"":""Abuja"",""x"":0.53,""y"":0.4,""score"":76,""rank"":2}"
"abuja-space-designers","Space Designers Limited","Abuja","Interior Designer","","Retail","","","No determinable","Mencionada en artículo de terceros, sin verificación propia de web/showroom.","Medio","Solo diseño","","","","","","","","Varios","Inglés","https://leadinteriordecor.com/interior-decor-companies/","","Estética contemporánea minimalista, espacios residenciales y comerciales","Dato de tercera fuente únicamente; pendiente de verificación directa.","Nigeria","Retail","Interior Designer","Watch","Presentación de superficies y biblioteca de muestras para proyectos premium.","Baja","76","2","{""city"":""Abuja"",""x"":0.53,""y"":0.4,""score"":76,""rank"":2}"
"abuja-idesign-interiors","iDesign Interiors","Abuja","Interior Designer","","Retail","","","No determinable","Presencia en Abuja y Lagos mencionada en artículo de terceros; sin confirmación directa.","Alto","Diseño+instalación+suministro","","","","","","","","Varios","Inglés","https://leadinteriordecor.com/interior-decor-companies/","","Servicio integral desde concepto hasta amueblamiento e instalación, proyectos complejos","Firma con presencia dual Abuja/Lagos; dato de tercera fuente, pendiente verificación directa de web propia.","Nigeria","Retail","Interior Designer","Watch","Presentación de superficies y biblioteca de muestras para proyectos premium.","Baja","76","2","{""city"":""Abuja"",""x"":0.53,""y"":0.4,""score"":76,""rank"":2}"
"abuja-modenese-gastone-interiors","Modenese Gastone Interiors (servicio remoto para Abuja)","Abuja","Interior Designer","","Retail","","","No","Sede real en Via Arbe 81, Milán, Italia; no tiene showroom físico en Abuja, opera de forma remota/consultoría para clientes locales de lujo.","Alto","Diseño+instalación+suministro","","","","info@modeneseinteriors.com","+39 349 363 8680","Via Arbe, 81, 20125 Milano, Italia (sin oficina física en Abuja)","https://modeneseinteriors.com/","Web propia","Inglés","https://modeneseinteriors.com/bespoke-house-design-in-abuja/","","Diseño de interiores de lujo 'a medida' (bespoke) para residencias privadas en Abuja, servicio remoto desde Italia; Incluye fit-out en mármol dentro de sus contratos de diseño+construcción; Estilos clásico/barroco, europeo clásico, minimalismo, alta tecnología","Empresa italiana (y otras similares como 'Antonovich Design', con base en Dubai) que vende servicios de diseño de interiores de lujo a clientes de Abuja de forma remota, sin presencia física local — relevante porque indica que una parte de la demanda de lujo en Abuja se resuelve con especificadores extranjeros, lo cual es un canal de entrada potencial para Cosentino (via estos estudios que ya trabajan con mármol/piedra importada) pero no un punto de venta físico local. No cuenta como exposición física en Nigeria.","Nigeria","Retail","Interior Designer","Watch","Presentación de superficies y biblioteca de muestras para proyectos premium.","Alta","76","2","{""city"":""Abuja"",""x"":0.53,""y"":0.4,""score"":76,""rank"":2}"
"abuja-antonovich-design","Luxury Antonovich Design (servicio para Abuja)","Abuja","Interior Designer","","Retail","","","No","Estudio con base en Dubai/EAU que ofrece servicios de diseño de interiores de lujo para clientes en Abuja; sin oficina física confirmada en Nigeria.","Alto","Diseño+instalación+suministro","","","","","","","https://antonovich-design.ae/the-best-interior-designer-abuja-nigeria.html","Web propia","Inglés","https://antonovich-design.ae/the-best-interior-designer-abuja-nigeria.html","","Diseños ambiciosos y únicos para clientes de alto poder adquisitivo en Abuja, servicio remoto desde EAU","Mismo patrón que Modenese: estudio extranjero (Dubai) atendiendo demanda de lujo en Abuja sin oficina local. No se hizo WebFetch completo de la página (solo snippet). Relevante como señal de demanda de lujo en Abuja, no como punto de venta físico.","Nigeria","Retail","Interior Designer","Watch","Presentación de superficies y biblioteca de muestras para proyectos premium.","Baja","76","2","{""city"":""Abuja"",""x"":0.53,""y"":0.4,""score"":76,""rank"":2}"
"abuja-caesar-interiors","Caesar Interiors","Abuja","Interior Designer","Especializada en diseño comercial (bancos, hoteles, retail)","Retail","","","No determinable","Mencionada en artículo de terceros como firma líder de diseño comercial; ciudad de sede exacta no confirmada (podría ser nacional/Lagos).","Alto","Diseño+instalación+suministro","","","","","","","","Varios","Inglés","https://leadinteriordecor.com/interior-decor-companies/","","Diseño comercial premiado para bancos, hoteles y retail, con enfoque en sostenibilidad","Clasificada tentativamente como actor nacional con posible actividad en Abuja (proyectos de banca/hotelería); requiere verificación de sede exacta antes de asignarla definitivamente a Abuja.","Nigeria","Retail","Interior Designer","Watch","Presentación de superficies y biblioteca de muestras para proyectos premium.","Media","76","2","{""city"":""Abuja"",""x"":0.53,""y"":0.4,""score"":76,""rank"":2}"
"abuja-dei-dei-market-generic","Dei-Dei International Building Materials Market (conjunto de vendedores de mármol/granito)","Abuja","Distribuidor Piedra Natural","Mercado mayorista con decenas de puestos independientes de mármol, granito y tiles","Retail","","","Sí","Mercado físico mayorista ubicado en 102 Inner Northern Rd / Zuba Garki Rd, Abuja; 'el mayor mercado de materiales de construcción de Abuja y alrededores'.","Bajo","No determinable","","","","","","Dei-Dei, 102 Inner Northern Rd / Zuba-Garki Rd, Abuja 904104, FCT","","Varios","Inglés","https://jiji.ng/dei-dei/building-materials; https://www.finelib.com/cities/abuja/abuja-cadastral-and-districts/dei_dei/building-materials; https://www.top-rated.online/cities/Sabojibi/place/p/9395341/Dei-dei+Building+Materials+market+abuja","","Precios hasta 50% más bajos que dentro de la ciudad, según fuentes locales; Segmento predominantemente bajo-medio, orientado a volumen","No es una empresa única sino un clúster/mercado con decenas de vendedores independientes de mármol/granito/tiles (incluye OGB, Ebo9, Success Marble y otros ya listados como registros propios). Se incluye como registro agregado de contexto de mercado, no como objetivo comercial directo de Cosentino (segmento de precio incompatible), pero relevante para el análisis de competencia de precio en el bloque D.","Nigeria","Retail","Distribuidor Piedra Natural","Watch","Auditar cobertura, almacén y capacidad de distribución antes de acordar canal.","Baja","76","2","{""city"":""Abuja"",""x"":0.53,""y"":0.4,""score"":76,""rank"":2}"
"port-harcourt-aodogwu-interior","A.Odogwu Interior","Port Harcourt","Interior Designer","Estudio de interiorismo, suministro e instalación de acabados","Retail","","","Sí","La web identifica un estudio/oficina en 100 Igwuruta Road, Eneka, Port Harcourt y ofrece visita, showroom de materiales y servicio nacional.","Alto","Diseño+instalación+suministro","","","","","","100 Igwuruta Road, Eneka, Port Harcourt, Rivers State, Nigeria","https://aodogwuinterior.com/","Web propia","Inglés","https://aodogwuinterior.com/","Mármol y piedra local; paneles, SPC, PVC y vinilo","Design studio con sede en Port Harcourt; Suministra e instala mármol, piedra, suelos y revestimientos; Cubre vivienda y espacios comerciales","Candidato local de especificación y suministro para superficies decorativas. La propia web afirma más de 400 proyectos/reseñas, pero no publica facturación ni capacidad de corte de slabs; verificar taller y maquinaria en visita.","Nigeria","Retail","Interior Designer","Watch","Presentación de superficies y biblioteca de muestras para proyectos premium.","Alta","72","3","{""city"":""Port Harcourt"",""x"":0.3,""y"":0.63,""score"":72,""rank"":3}"
"port-harcourt-nelsons-interiors","Nelson's Interiors","Port Harcourt","Interior Designer","Interiorismo residencial y comercial con mobiliario a medida y entrega integral","Retail","","","Sí","La web publica showroom/dirección en 160 Harruk Estate Link Road, East-West Road, Rumuigbo, Port Harcourt.","Alto","Diseño+instalación+suministro","","No determinable; declara 4+ años y 150+ espacios","Nwoke Nelson, CEO y Principal Designer","nelsonsinterior@gmail.com","+234 902 423 6971; +234 906 937 9075","160 Harruk Estate Link Road, East-West Road, Rumuigbo, Port Harcourt, Nigeria","https://www.nelsonsinterior.com/","Web propia","Inglés","https://www.nelsonsinterior.com/","","Diseña hogares, oficinas y espacios comerciales; Incluye custom furniture y full interior delivery; Tiene portafolio de residencias y restaurantes","Buen prescriptor retail para encimeras, vanities y mobiliario integrado. La web muestra The Rupokwu Residence y The Kabaka Mansion, pero no aporta m² ni marcas de superficie.","Nigeria","Retail","Interior Designer","Media","Presentación de superficies y biblioteca de muestras para proyectos premium.","Alta","72","3","{""city"":""Port Harcourt"",""x"":0.3,""y"":0.63,""score"":72,""rank"":3}"
"port-harcourt-billberry-blue","Billberry Blue","Port Harcourt","Interior Designer","Interiorismo, mobiliario bespoke, cocinas y styling de eventos","Retail","","","Sí","Publica head office en 12 Eneka Link Road y branch office en 78 Aba Road, ambas en Port Harcourt; la web muestra categoría Bespoke Kitchens.","Alto","Diseño+instalación+suministro","","","","info@billberryblue.com","","No 12 Eneka Link Road off G.U. Ake Road, cerca de Paradise Estate; branch en No 78 Aba Road, Port Harcourt","https://billberryblue.com/","Web propia","Inglés","https://billberryblue.com/","","Luxury interiors y bespoke furniture; Diseña cocinas a medida; Trabaja en residencial, comercial y eventos","Perfil atractivo como partner de exposición y prescripción para cocinas premium. No hay evidencia pública de fabricación de piedra ni de maquinaria CNC.","Nigeria","Retail","Interior Designer","Media","Presentación de superficies y biblioteca de muestras para proyectos premium.","Alta","72","3","{""city"":""Port Harcourt"",""x"":0.3,""y"":0.63,""score"":72,""rank"":3}"
"port-harcourt-zectic-nigeria","Zectic Nigeria","Port Harcourt","Híbrido","Interior design + construcción residencial/comercial con red de contratistas","Retail","","","Sí","La web publica oficina en 6B George Avenue, Oroigwe Road, Elimgbu, Port Harcourt.","Alto","Diseño+instalación+suministro","","73+ workforce; 210+ completed projects declarados","","info@zecticnigeria.com.ng","+234 806 350 8934; +234 814 690 1009","6B George Avenue, Oroigwe Road, Elimgbu, Port Harcourt, Rivers State","https://zecticnigeria.com.ng/our-services/interior-design-construction/","Web propia","Inglés","https://zecticnigeria.com.ng/our-services/interior-design-construction/","","Entrega desde diseño hasta construcción; Sirve proyectos residenciales y comerciales; Declara 73+ personas y 51+ equipos","Actor local con escala declarada superior a un estudio boutique. Puede prescribir Cosentino y coordinar instalación, pero los indicadores de plantilla/equipos son autodeclarados y requieren auditoría.","Nigeria","Retail","Interior Designer","Media","Presentación de superficies y biblioteca de muestras para proyectos premium.","Alta","72","3","{""city"":""Port Harcourt"",""x"":0.3,""y"":0.63,""score"":72,""rank"":3}"
"port-harcourt-bels-decor","Bels Decor / Bels Lightings and Interior","Port Harcourt","Interior Designer","Interiorismo, iluminación, decoración y custom décor","Retail","","","Sí","La web publica dirección física en No 6 Ayelasa Street, Sars Road, Port Harcourt.","Alto","Diseño+instalación+suministro","","","","info@belsdecor.com","+234 803 592 4494","No 6 Ayelasa Street, Sars Road, Port Harcourt, Rivers State","https://belsdecor.com/","Web propia","Inglés","https://belsdecor.com/","","High-end decor e interior design; Incluye space planning, iluminación e instalación; Atiende hogares y oficinas","Más prescriptor que transformador de piedra. Interesante para muestras, cocinas, paredes y elementos decorativos; no publica compras ni superficie técnica.","Nigeria","Retail","Interior Designer","Media","Presentación de superficies y biblioteca de muestras para proyectos premium.","Alta","72","3","{""city"":""Port Harcourt"",""x"":0.3,""y"":0.63,""score"":72,""rank"":3}"
"port-harcourt-ademaison-interior-design","ADÉmaison Interior Design","Port Harcourt","Interior Designer","Diseño residencial, comercial y space planning","Retail","","","No determinable","La web confirma servicio premium y cobertura en Port Harcourt, pero no publica dirección local ni showroom.","Alto","Solo diseño","","","","","","","https://ademaisoninteriors.com/","Web propia","Inglés","https://ademaisoninteriors.com/","","Más de 10 años de experiencia declarados; Diseño residencial y comercial; Posicionamiento premium y bespoke","Lead de prescripción; debe verificarse ubicación operativa y si compra/suministra materiales o trabaja con contratistas terceros.","Nigeria","Retail","Interior Designer","Watch","Presentación de superficies y biblioteca de muestras para proyectos premium.","Alta","72","3","{""city"":""Port Harcourt"",""x"":0.3,""y"":0.63,""score"":72,""rank"":3}"
"port-harcourt-wallpress-interior-design","WallPress Interior Design","Port Harcourt","Interior Designer","Interiorismo con smart-home, CCTV y soluciones solares","Retail","","","No determinable","La web se identifica como estudio basado en Port Harcourt, pero no publica dirección física completa.","Medio","Diseño+instalación+suministro","","","","","","","https://wallpressinteriordesign.com/","Web propia","Inglés","https://wallpressinteriordesign.com/","","Atiende clientes residenciales y comerciales; Combina diseño con tecnología de hogar; Basado en Port Harcourt","Candidato de nivel medio-alto para proyectos residenciales; evidencia de showroom y capacidad de piedra pendiente.","Nigeria","Retail","Interior Designer","Watch","Presentación de superficies y biblioteca de muestras para proyectos premium.","Baja","72","3","{""city"":""Port Harcourt"",""x"":0.3,""y"":0.63,""score"":72,""rank"":3}"
"port-harcourt-blanca-luxury","Blanca Luxury / Atelier Blanca","Port Harcourt","Interior Designer","Interiorismo y curación de espacios residenciales, comerciales, hospitality y medical","Retail","","","Sí","Publica dos showrooms en Port Harcourt: Garden City Mall, Rumuomasi, y J's Signature Hotel, GRA.","Alto","Diseño+instalación+suministro","","","Dr. Stella Michael Ofori, Founder & Creative Director","blancaluxurydecor@gmail.com","+234 813 991 0974","Garden City Mall, Rumuomasi; J's Signature Hotel, GRA, Port Harcourt, Rivers State","https://www.blancaluxury.com/about","Web propia","Inglés","https://www.blancaluxury.com/about","Mármol italiano y materiales de artesanos internacionales","Showrooms físicos en dos puntos premium de Port Harcourt; Trabaja residential, commercial, hospitality y medical; Declara partnership con Julius Berger","Uno de los candidatos retail/prescripción más interesantes por showroom y posicionamiento. La web menciona mármol y sourcing internacional, pero no marcas concretas de superficies técnicas.","Nigeria","Retail","Interior Designer","Media","Presentación de superficies y biblioteca de muestras para proyectos premium.","Alta","72","3","{""city"":""Port Harcourt"",""x"":0.3,""y"":0.63,""score"":72,""rank"":3}"
"port-harcourt-olivehaus-interiors","OliveHaus Interiors","Port Harcourt","Interior Designer","Interiorismo residencial, corporativo y comercial","Retail","Amanda Haven","La ficha pública identifica un proyecto de 480 m² en Port Harcourt; por debajo del umbral de 2.000 m² por sí solo, pero demuestra capacidad de proyecto comercial.","No determinable","La web muestra proyecto localizado en Port Harcourt, pero no publica dirección de showroom.","Alto","Diseño+instalación+suministro","","","","","","","https://www.olivehausinteriors.com/","Web propia","Inglés","https://www.olivehausinteriors.com/; https://www.olivehausinteriors.com/projects","","Luxury interiors para clientes residenciales y corporativos; Proyecto Amanda Haven de 480 m²; Capacidad de ejecutar hospitality/comercial","Prescriptor de interés para hospitality y oficinas. El proyecto publicado no alcanza el umbral de proyectos, por eso se mantiene en Retail.","Nigeria","Retail","Interior Designer","Watch","Presentación de superficies y biblioteca de muestras para proyectos premium.","Alta","72","3","{""city"":""Port Harcourt"",""x"":0.3,""y"":0.63,""score"":72,""rank"":3}"
"port-harcourt-grandeur-structures","Grandeur Structures Nigeria Limited","Port Harcourt","Híbrido","Interiorismo y arquitectura para residencial, comercial y hospitality","Retail","","","No determinable","La web confirma servicio nacional y posicionamiento premium, pero no publica dirección local de Port Harcourt.","Alto","Diseño+construcción+promoción","","","","","","","https://grandeurstructures.com/","Web propia","Inglés","https://grandeurstructures.com/","","Estudio premium de interiorismo y arquitectura; Sirve residencial, comercial y hospitality; Puede funcionar como especificador técnico","Lead de diseño con alcance nacional; debe confirmarse oficina o equipo permanente en Port Harcourt.","Nigeria","Retail","Interior Designer","Watch","Presentación de superficies y biblioteca de muestras para proyectos premium.","Alta","72","3","{""city"":""Port Harcourt"",""x"":0.3,""y"":0.63,""score"":72,""rank"":3}"
"port-harcourt-the-order-room","The Order Room","Port Harcourt","Interior Designer","Decoración, mobiliario, restauración, consulta de interiores y furnishing de hoteles","Retail","","","Sí","La web identifica Port Harcourt y ofrece espacio de galería/tienda para exposiciones y proyectos.","Alto","Diseño+instalación+suministro","","","","","","Port Harcourt, Rivers State, Nigeria","https://theorderroom.com.ng/","Web propia","Inglés","https://theorderroom.com.ng/","","Galería/espacio físico para exposiciones; Furnishing de hoteles y espacios comerciales; Consulta de interiores con orientación premium","Prescriptor y punto de contacto de diseño; no se observa una oferta explícita de fabricación de piedra.","Nigeria","Retail","Interior Designer","Watch","Presentación de superficies y biblioteca de muestras para proyectos premium.","Alta","72","3","{""city"":""Port Harcourt"",""x"":0.3,""y"":0.63,""score"":72,""rank"":3}"
"port-harcourt-francisjane-luxuryline","FrancisJane Luxury Line","Port Harcourt","Híbrido","Interiores, mobiliario, construcción, ingeniería, smart buildings, real estate y oil & gas","Retail","","","Sí","Publica head office en D/Line y branch office en Industrial Layout, 300 Peter Odili Road, Trans Amadi, Port Harcourt.","Alto","Diseño+construcción+promoción","","","","info@francisjaneluxuryline.com","+234 704 000 0472; +234 704 711 2000","9B Emekuku Street, D/Line; branch en Industrial Layout, 300 Peter Odili Rd, Trans Amadi, Port Harcourt","https://www.francisjanegroup.com/francisjaneluxuryline","Web propia","Inglés","https://www.francisjanegroup.com/francisjaneluxuryline","","Proyectos premium de interiores y construcción; Declara trabajos en Ben-Switch Premium Hotel y otros hoteles; Ubicación estratégica en D/Line y Trans Amadi","Candidato de alto valor por mezcla de interiores, hotelería y construcción. Debe tratarse como cuenta híbrida y comprobar qué parte de compras decide internamente.","Nigeria","Retail","Interior Designer","Media","Presentación de superficies y biblioteca de muestras para proyectos premium.","Alta","72","3","{""city"":""Port Harcourt"",""x"":0.3,""y"":0.63,""score"":72,""rank"":3}"
"port-harcourt-tilemasters-ng","TileMasters Ng","Port Harcourt","Kitchen & Bath Showroom","Showroom/distribución de cerámica, porcelánico, mármol decorativo y acabados","Retail","","","Sí","Publica dos direcciones de showroom en Km7 G.U. Ake Drive, Eliozu, y 17 Omoku Street, D/Line, Port Harcourt.","Alto","Diseño+instalación+suministro","","","Procurement officer, contacto publicado","info@tilemastersng.com; sales@tilemastersng.com","+234 818 351 0000; +234 818 751 0000; +234 818 741 0000 (procurement)","Km7 G.U. Ake Drive, Eliozu; 17 Omoku Street, D/Line, Port Harcourt, Rivers State","https://tilemastersng.com/","Web propia","Inglés","https://tilemastersng.com/","Mármol, porcelánico, cerámica y tiles nacionales/importados","Dos ubicaciones físicas en Port Harcourt; Showroom de acabados premium; Publica contacto de procurement","Partner retail muy accionable por exposición y contacto de procurement. Compite en presupuesto de revestimientos y puede ser aliado de venta cruzada de Dekton.","Nigeria","Retail","Kitchen & Bath Showroom","Media","Exposición compacta con muestras de alto impacto y formación comercial.","Alta","72","3","{""city"":""Port Harcourt"",""x"":0.3,""y"":0.63,""score"":72,""rank"":3}"
"port-harcourt-rocciano-marbles","Rocciano Marbles","Port Harcourt","Distribuidor Piedra Natural","Proveedor de mármol, granito, tiles y piedra natural para vivienda, hoteles y proyectos comerciales","Retail","","","No determinable","La web muestra imágenes y oferta de marble tiles in Port Harcourt, pero no publica dirección local completa.","Alto","Diseño+instalación+suministro","","","","info@roccianomarbles.com","+234 803 320 3403","","https://roccianomarbles.com/","Web propia","Inglés","https://roccianomarbles.com/","Mármol local, mármol italiano e internacional, granito y porcelánico","Proveedor premium de piedra natural; Menciona viviendas de lujo, hoteles y proyectos comerciales; Tiene imágenes específicas de Port Harcourt","Candidato natural para comparar con Cosentino y potencialmente complementar catálogo. La presencia física/stock en Port Harcourt necesita verificación.","Nigeria","Retail","Distribuidor Piedra Natural","Media","Auditar cobertura, almacén y capacidad de distribución antes de acordar canal.","Alta","72","3","{""city"":""Port Harcourt"",""x"":0.3,""y"":0.63,""score"":72,""rank"":3}"
"port-harcourt-uche-estates","UCHE Estates","Port Harcourt","Distribuidor Piedra Natural","Materiales de construcción, tiles, granite, bloques, suministro y proyectos de obra","Retail","","","Sí","La web publica localización en Rumokparali, Rivers State, y suministro de tiles y granite con entrega en Port Harcourt.","Medio","Diseño+instalación+suministro","","","","ops@uchestates.com","+234 810 644 4902","Rumokparali, Rivers State, Nigeria","https://uchestates.com/","Web propia","Inglés","https://uchestates.com/","Granito, tiles y materiales de construcción factory-direct","Suministro en Port Harcourt; Tiles y granite para especificaciones residenciales/comerciales; Declara 500+ proyectos y 15+ años","Más orientado a materiales y obra que a showroom de lujo, pero útil como canal de volumen y logística local. Los datos de escala son autodeclarados.","Nigeria","Retail","Distribuidor Piedra Natural","Media","Auditar cobertura, almacén y capacidad de distribución antes de acordar canal.","Alta","72","3","{""city"":""Port Harcourt"",""x"":0.3,""y"":0.63,""score"":72,""rank"":3}"
"port-harcourt-nigerstone","Nigerstone, quarry division of Netherlands H","Port Harcourt","Distribuidor Piedra Natural","Cantera y venta de granito, aggregates, stone dust y productos de piedra","Retail","","","Sí","El perfil corporativo publica sales offices en Port Harcourt, Uyo, Aba y Old Netim.","Medio","Diseño+instalación+suministro","","","","","","Sales office en Port Harcourt; dirección completa no visible en el extracto público","","Varios","Inglés","https://nigeriareposit.nln.gov.ng/bitstreams/46c43c72-a41c-4622-bba1-d3de4ec0e691/download","Granito y piedra local","Cantera orientada a los estados del Este; Oficina de ventas en Port Harcourt; Competencia de materia prima y precio","Competidor de piedra natural más industrial que premium. La ficha es relevante para entender disponibilidad local, no como partner prioritario de showroom.","Nigeria","Retail","Distribuidor Piedra Natural","Media","Auditar cobertura, almacén y capacidad de distribución antes de acordar canal.","Media","72","3","{""city"":""Port Harcourt"",""x"":0.3,""y"":0.63,""score"":72,""rank"":3}"
"port-harcourt-crushed-rock-industries","Crushed Rock Industries Nigeria Limited","Port Harcourt","Distribuidor Piedra Natural","Producción y venta de granite aggregates, granite tiles y accessories","Retail","","","Sí","Directorio NACCIMA publica oficina en 16 Port Harcourt/Aba Expressway, PMB 5498, Port Harcourt.","Medio","Diseño+instalación+suministro","","","Daniel Amusi, Senior Marketing Manager; Matthew Ndukwu, Marketing Manager","info@crushedrocknig.com","0803 552 8385; 0803 504 7892","16 Port Harcourt/Aba Expressway, PMB 5498, Port Harcourt, Rivers State","","Varios","Inglés","https://imib.org.tr/wp-content/uploads/Nijerya.pdf","Granite tiles, aggregates y piedra local","Producción y venta de granite tiles; Oficina local y managers identificados; Competencia local de disponibilidad y precio","Cuenta industrial con datos de contacto más completos que otros canteros. El foco principal son aggregates y granite tiles, no superficies premium de marca.","Nigeria","Retail","Distribuidor Piedra Natural","Media","Auditar cobertura, almacén y capacidad de distribución antes de acordar canal.","Media","72","3","{""city"":""Port Harcourt"",""x"":0.3,""y"":0.63,""score"":72,""rank"":3}"
"port-harcourt-castremineo-caesarstone","Castremineo Nig Ltd","Port Harcourt","Distribuidor Piedra Natural","Distribución de Caesarstone, showrooms y red de fabricadores locales","Retail","","","Sí","El perfil público de LinkedIn afirma showrooms en Lagos, Port Harcourt, Uyo y Abuja; la dirección de Port Harcourt no está publicada en el extracto.","Alto","Diseño+instalación+suministro","","11-50 en LinkedIn","","","","","http://www.castremineo.com","LinkedIn","Inglés","https://ng.linkedin.com/company/castremineo-nig-ltd; http://www.castremineo.com","Caesarstone","Declara distribuir Caesarstone en Nigeria; Afirmación pública de showroom en Port Harcourt; Declara fabricadores locales repartidos por el país","Competidor internacional directo más relevante detectado. La existencia actual del showroom, stock y capacidad en Port Harcourt debe confirmarse in situ; el dato procede de LinkedIn autodescriptivo.","Nigeria","Retail","Kitchen & Bath Showroom","Media","Exposición compacta con muestras de alto impacto y formación comercial.","Alta","72","3","{""city"":""Port Harcourt"",""x"":0.3,""y"":0.63,""score"":72,""rank"":3}"
"port-harcourt-interiorscapes","Interiorscapes Limited","Port Harcourt","Kitchen & Bath Showroom","Fabricación e instalación de cocinas a medida desde taller nacional con cobertura en Port Harcourt","Retail","","","No determinable","La web confirma instalación en Port Harcourt y survey/visualización 3D, pero no publica showroom local.","Alto","Diseño+instalación+suministro","","","","hello@interiorscapes.ng","+234 812 259 2257","","https://www.interiorscapes.ng/kitchen-cabinets/","Web propia","Inglés","https://www.interiorscapes.ng/kitchen-cabinets/","Granito, mármol y materiales de superficie de cocina","Instala en Port Harcourt; Fabricación de cocinas a medida; Incluye survey, 3D y garantía de workmanship de 2 años","No es un showroom confirmado en la ciudad, pero puede ser canal de cocina premium a distancia y partner de instalación.","Nigeria","Retail","Kitchen & Bath Showroom","Media","Exposición compacta con muestras de alto impacto y formación comercial.","Alta","72","3","{""city"":""Port Harcourt"",""x"":0.3,""y"":0.63,""score"":72,""rank"":3}"
"port-harcourt-belanova-industries","Belanova Industries","Port Harcourt","Kitchen & Bath Showroom","Cocinas bespoke, electrodomésticos y equipamiento de hogar con operación multiciudad","Retail","","","No determinable","La web publica contacto específico para Port Harcourt, pero no una dirección local completa.","Alto","Diseño+instalación+suministro","","","","info@belanovaindustries.com","Port Harcourt: 08134215344; head office: 09096853537 / 07032315833 / 07073570312","Contacto Port Harcourt publicado; head office en 55A Adeola Odeku Street, Victoria Island, Lagos","https://www.belanovaindustries.com/?b=196084113","Web propia","Inglés","https://www.belanovaindustries.com/?b=196084113","Cocinas y electrodomésticos premium; no marca de superficie identificada","Bespoke kitchens; Contacto operativo para Port Harcourt; Servicio multiciudad y marcas premium","Lead de cocina premium; confirmar si el contacto PH implica showroom, vendedor o solo cobertura logística.","Nigeria","Retail","Kitchen & Bath Showroom","Media","Exposición compacta con muestras de alto impacto y formación comercial.","Alta","72","3","{""city"":""Port Harcourt"",""x"":0.3,""y"":0.63,""score"":72,""rank"":3}"
"lagos-palton-morgan-holdings","Palton Morgan Holdings (incl. Grenadines Homes)","Lagos","Developer","","Proyectos","Kadars Gate, The Rockhampton, L5 Banana, Paramount Twin Towers (portafolio múltiple)","20+ proyectos completados, 7.000+ unidades/terrenos vendidos; proyectos residenciales de lujo multi-unidad en Victoria Island, Ikoyi, Lekki; precios de ₦57M a ₦2.4B por unidad. Volumen de superficie aplicable no desglosado pero la escala multi-torre/multi-unidad hace muy probable superar 2.000 m² combinados por proyecto.","No","Oficinas corporativas (no showroom de materiales): 292c Ajose Adeogun Street, Victoria Island, Lagos","Alto","Diseño+construcción+promoción","","500+","","info@paltonmorgan.com","0913 000 7779","292c Ajose Adeogun Street, Victoria Island, Lagos, Nigeria","https://paltonmorgan.com","Web propia","Inglés","https://paltonmorgan.com/","","Autodenominado 'Africa's Premier Luxury Real Estate Brand'; 20+ proyectos completados, 6 empresas del grupo, presencia en Lagos y Abuja; Perfil ideal de especificador para prescripción de superficies premium a nivel de desarrollador/promotor","Promotor de referencia en Lagos para canal proyectos de lujo. Grenadines Homes (subsidiaria) tiene 83% de sus proyectos en Lagos. Sin contacto de compras nominal identificado; abordar vía dirección comercial/compras de obra.","Nigeria","Proyectos","Developer","Alta","Acuerdo de especificación para próximos desarrollos y muestras de proyecto.","Alta","90","1","{""city"":""Lagos"",""x"":0.82,""y"":0.74,""score"":90,""rank"":1}"
"lagos-strongmas-development","Strongmas Development","Lagos","Developer","","Proyectos","Aurum, The Elysian Rise, Avions Court 2, Olive Mall, Kesbel Court, The Omini, Strongmas Residence","1.256+ unidades en planificación/progreso en 6 ubicaciones; The Elysian Rise es un edificio en altura en Victoria Island (en construcción, planta 8); Avions Court 2 es un 'triple-gated estate' completado al 100%. Escala de portafolio sugiere volumen agregado >2.000 m² de superficie aplicable, aunque no se confirma por proyecto individual.","No","Oficina junto a Lagos Business School, Lekki-Epe Expressway; no es showroom de materiales","Alto","Diseño+construcción+promoción","","No determinable","","hello@strongmasng.com","+234 901 077 7777 / +234 802 894 0857","Adjacent Lagos Business School, Lekki-Epe Expressway, Lagos","https://strongmasresidence.com","Web propia","Inglés","https://strongmasresidence.com/","","Promotor premium especializado en smart homes y diseño eco-consciente para clientes internacionales de alto poder adquisitivo; Portafolio activo de más de 1.250 unidades en Lekki Phase 1, Victoria Island e Ikota GRA; Posicionamiento tecnológico/sostenible puede alinearse bien con el storytelling de innovación de Cosentino (Dekton, HybriQ)","Buen candidato de prescripción directa dado el volumen de unidades en pipeline y el perfil de cliente internacional/diáspora de alto poder adquisitivo.","Nigeria","Proyectos","Developer","Alta","Acuerdo de especificación para próximos desarrollos y muestras de proyecto.","Alta","90","1","{""city"":""Lagos"",""x"":0.82,""y"":0.74,""score"":90,""rank"":1}"
"lagos-chagoury-group-eko-atlantic","Chagoury Group / Eko Atlantic City (incl. Ocean Parade Towers)","Lagos","Developer","Grupo diversificado con división de construcción propia; actúa como developer y constructor en sus proyectos insignia","Proyectos","Eko Atlantic City; Ocean Parade Towers (Banana Island)","Eko Atlantic es una ciudad reclamada al mar de gran escala (10 km2) con múltiples torres residenciales y comerciales; muy por encima del umbral de 2.000 m² de superficie aplicable combinada. Ocean Parade Towers es un desarrollo residencial de lujo en Banana Island.","No","No determinable — información corporativa, no showroom","Alto","Diseño+construcción+promoción","","No determinable","","","","Lagos, Nigeria (Eko Atlantic City, adyacente a Victoria Island)","https://chagourygroup.com","Varios","Inglés","https://en.wikipedia.org/wiki/Chagoury_Group","","Fundado en 1971; conglomerado multinacional con fuerte presencia en construcción, inmobiliario, salud y hostelería en Nigeria; Eko Atlantic City es el proyecto urbanístico de mayor escala en Lagos, con decenas de torres residenciales/comerciales previstas; Máxima prioridad como objetivo de especificación de gran volumen (múltiples torres en distintas fases)","No se identificó contacto directo de compras; se recomienda abordar vía los contratistas ejecutores de cada torre (p. ej. ITB Nigeria en Eko Pearl Towers/Azuri Towers) y vía el estudio de arquitectura/EPC de cada fase, más que directamente al holding.","Nigeria","Proyectos","Developer","Media","Acuerdo de especificación para próximos desarrollos y muestras de proyecto.","Media","90","1","{""city"":""Lagos"",""x"":0.82,""y"":0.74,""score"":90,""rank"":1}"
"lagos-elalan-construction","Elalan Construction Company","Lagos","Contractor","","Proyectos","","40+ años de trayectoria; especializado en residencial de lujo en altura, villas y estates en Ikoyi y Victoria Island, además de edificios comerciales, hoteles y desarrollos de uso mixto. Volumen agregado de cartera muy por encima de 2.000 m² combinados.","No","Sede corporativa, no showroom: 9 Macgregor Road, Ikoyi, Lagos","Alto","Diseño+construcción+promoción","","No determinable","","","+234 815 096 5387","9 Macgregor Road, Ikoyi, Lagos","https://www.elalan.com","Web propia","Inglés","https://www.elalan.com/post/construction-companies-lagos","","Constructora líder en residencial de lujo y comercial de alta gama en Lagos desde 1982; 4.4 estrellas en Google con 327 reseñas verificadas — la constructora mejor valorada de Lagos según el ranking propio; Servicios integrales desde diseño arquitectónico hasta construcción y gestión de instalaciones, lo que la convierte en especificador técnico directo de materiales","Constructora de referencia para visitas comerciales directas: alto volumen de obra de lujo en Ikoyi/VI, perfil de especificador técnico integral (diseño+construcción).","Nigeria","Proyectos","Contractor","Media","Abrir vía procurement: homologación, ficha técnica y suministro por obra.","Alta","90","1","{""city"":""Lagos"",""x"":0.82,""y"":0.74,""score"":90,""rank"":1}"
"lagos-itb-nigeria","ITB Nigeria Limited","Lagos","Contractor","","Proyectos","Eko Pearl Towers, Azuri Towers (Eko Atlantic City)","Constructora ejecutora de torres residenciales de gran altura (24-33 plantas) en Eko Atlantic; volumen de superficie aplicable (fachadas+suelos+encimeras) muy superior a 2.000 m² por torre.","No","No determinable","Alto","Diseño+construcción+promoción","","No determinable","","","","Victoria Island, Lagos (dirección exacta no verificada)","","Varios","Inglés","https://www.elalan.com/post/construction-companies-lagos","","Constructora de referencia para edificación en altura, comercial y técnicamente compleja; Ejecutor de torres insignia en Eko Atlantic City (Eko Pearl Towers, Azuri Towers); 4.5 estrellas en Google — reputación alta entre constructoras de Lagos","No se pudo verificar website propio ni contacto directo en esta pasada; relevante por su rol ejecutor en los proyectos de mayor escala de Eko Atlantic.","Nigeria","Proyectos","Contractor","Media","Abrir vía procurement: homologación, ficha técnica y suministro por obra.","Baja","90","1","{""city"":""Lagos"",""x"":0.82,""y"":0.74,""score"":90,""rank"":1}"
"lagos-cappa-dalberto","Cappa & D'Alberto Plc","Lagos","Contractor","","Proyectos","Civic Centre Towers, Nigerian Law School Headquarters","Constructora centenaria (fundada 1932) especializada en apartamentos de lujo, edificios de oficinas y hoteles; volumen de cartera histórica muy por encima de 2.000 m² combinados en proyectos insignia.","No","No determinable","Alto","Diseño+construcción+promoción","","No determinable","","","","Lagos, Nigeria (dirección exacta no verificada en esta pasada)","","Varios","Inglés","https://dutumgroup.com/construction-company-in-lagos/; https://businessconnect.com.ng/best-construction-companies-in-nigeria/","","Una de las constructoras más antiguas y reputadas de Nigeria (desde 1932); Especializada en apartamentos de lujo, oficinas y hoteles — perfil de especificador técnico consolidado","Solo información de snippets agregados (dutumgroup, businessconnect); pendiente de WebFetch directo a su web corporativa para contacto y proyectos actuales.","Nigeria","Proyectos","Contractor","Media","Abrir vía procurement: homologación, ficha técnica y suministro por obra.","Baja","90","1","{""city"":""Lagos"",""x"":0.82,""y"":0.74,""score"":90,""rank"":1}"
"lagos-julius-berger-nigeria","Julius Berger Nigeria Plc","Lagos","Contractor","","Proyectos","","Mayor constructora de infraestructura de Nigeria (carreteras, puentes, edificios, instalaciones industriales, aeropuertos); segmento de edificación premium (oficinas, hoteles corporativos) relevante para Cosentino, aunque su core es infraestructura civil más que residencial de lujo.","No","No determinable","Alto","Diseño+construcción+promoción","","No determinable","","","","Ijora, Lagos","","Varios","Inglés","https://www.elalan.com/post/construction-companies-lagos; https://en.wikipedia.org/wiki/Julius_Berger_(company)","","Constructora cotizada en bolsa (NGX), la de mayor tamaño y capacidad técnica del país; 4.3 estrellas en Google; opera en Lagos, Abuja y otras regiones; Más relevante en infraestructura civil que en edificación residencial de lujo, pero ejecuta también edificios corporativos/institucionales de alta gama","Prioridad media para Cosentino: gran capacidad pero perfil más de infraestructura que de edificación premium; validar qué división (si alguna) gestiona acabados/fachadas en sus edificios institucionales.","Nigeria","Proyectos","Contractor","Media","Abrir vía procurement: homologación, ficha técnica y suministro por obra.","Media","90","1","{""city"":""Lagos"",""x"":0.82,""y"":0.74,""score"":90,""rank"":1}"
"lagos-sujimoto-construction","Sujimoto Construction Limited","Lagos","Developer","Developer y constructora integrada, posicionada exclusivamente en ultra-lujo","Proyectos","LucreziaBySujimoto, GiuliaBySujimoto, Giuliano De' Medici, LeonardoBySujimoto","LucreziaBySujimoto es el edificio residencial más alto de Banana Island; LeonardoBySujimoto está proyectado para ser la torre residencial más alta de Nigeria y África subsahariana. Volumen de superficie aplicable (fachadas+suelos+baños+cocinas) muy superior a 2.000 m² por torre.","No","Sede corporativa en Ikoyi, no showroom de materiales","Alto","Diseño+construcción+promoción","","No determinable","","","","Ikoyi, Lagos, Nigeria","https://sujimotonig.com","Web propia","Inglés","https://sujimotonig.com/sujimoto-the-authority-in-luxury-real-estate-in-nigeria-and-sub-saharan-africa/; https://www.goafricaonline.com/ng/877382-sujimoto-luxury-real-estate-company-in-ikoyi-lagos-nigeria","","Fundado en 2012 por Sijibomi Ogundele; autodenominado 'the authority in luxury real estate in Nigeria and Sub-Saharan Africa'; Torres residenciales ultra-premium en Banana Island e Ikoyi, dirigidas a HNWI y diáspora; Máxima prioridad de especificación: perfil de cliente y escala de proyecto altamente alineado con el posicionamiento de Cosentino (Dekton/Silestone en torres icónicas)","Uno de los objetivos de mayor prioridad para el canal proyectos en Lagos. Se recomienda profundizar en una siguiente pasada en su equipo de compras/especificación técnica (no identificado aún).","Nigeria","Proyectos","Developer","Alta","Acuerdo de especificación para próximos desarrollos y muestras de proyecto.","Alta","90","1","{""city"":""Lagos"",""x"":0.82,""y"":0.74,""score"":90,""rank"":1}"
"lagos-fma-architects","FMA Architects Ltd","Lagos","Architecture Studio","","Proyectos","St. Nicholas Hospital, Standard Chartered Bank Building, Total Head Office, Protea Hotel, desarrollos residenciales en Banana Island y Lekki","Estudio con 50+ años de trayectoria y proyectos institucionales/corporativos de gran escala (bancos, hoteles, hospitales, sedes corporativas, centros de datos de MTN); múltiples proyectos superan ampliamente 2.000 m² de superficie aplicable combinada.","No","No determinable — estudio de arquitectura, no showroom","Alto","Diseño+construcción+promoción","","No determinable","","","","Lagos, Nigeria (oficinas también en Abuja, Pretoria y Gaborone)","https://fmaarchitects.com","Varios","Inglés","https://en.wikipedia.org/wiki/FMA_Architects","","Fundado en 1973 por Olufemi Majekodunmi; uno de los estudios de arquitectura más consolidados de Nigeria; Portafolio institucional/corporativo de gran escala (bancos, hospitales, hoteles, sedes corporativas); Especificador técnico relevante para fachadas, suelos y revestimientos en proyectos de gran volumen","Estudio de arquitectura de primer nivel, con alcance panafricano; buen candidato para relación de especificación técnica a largo plazo.","Nigeria","Proyectos","Architecture Studio","Media","Kit de muestras y prescripción temprana para memorias y acabados.","Media","90","1","{""city"":""Lagos"",""x"":0.82,""y"":0.74,""score"":90,""rank"":1}"
"lagos-the-building-practice","The Building Practice Ltd","Lagos","Architecture Studio","","Proyectos","","Especializado en desarrollos de uso mixto, complejos residenciales y edificios comerciales en Nigeria desde 2013; volumen por proyecto no determinado con precisión, pero el enfoque en desarrollos de uso mixto sugiere proyectos susceptibles de superar 2.000 m² combinados.","No","No determinable","Alto","Diseño+construcción+promoción","","No determinable","","","","Lagos, Nigeria (dirección exacta no verificada en esta pasada)","","Varios","Inglés","https://cceonlinenews.com/construction/profession/top-5-architectural-firms-in-nigeria-2/","","Estudio fundado en 2013, especializado en desarrollos de uso mixto, residencial y comercial","Solo información de snippet agregado; pendiente de WebFetch directo a su web para verificar escala de proyectos y contacto.","Nigeria","Proyectos","Architecture Studio","Watch","Kit de muestras y prescripción temprana para memorias y acabados.","Baja","90","1","{""city"":""Lagos"",""x"":0.82,""y"":0.74,""score"":90,""rank"":1}"
"lagos-craneburg-construction","Craneburg Construction","Lagos","Contractor","","Proyectos","","Especializado en infraestructura compleja, incluidos aeropuertos; proyectos de gran escala con superficie aplicable probablemente superior a 2.000 m² en terminales/edificios asociados.","No","Oficinas en Bourdillon Road (dirección exacta no verificada)","Alto","Diseño+construcción+promoción","","No determinable","","","","Bourdillon Road, Lagos (aprox.)","","Varios","Inglés","https://www.elalan.com/post/construction-companies-lagos","","4.4 estrellas en Google; especializada en infraestructura compleja y aeropuertos; Menos orientado a acabados residenciales de lujo, más a infraestructura — prioridad media para Cosentino","Incluido por volumen de obra, aunque el fit de producto (infraestructura vs. superficies decorativas) es menor que en developers residenciales de lujo.","Nigeria","Proyectos","Contractor","Media","Abrir vía procurement: homologación, ficha técnica y suministro por obra.","Media","90","1","{""city"":""Lagos"",""x"":0.82,""y"":0.74,""score"":90,""rank"":1}"
"lagos-james-cubbitt-architects","James Cubbitt Architects","Lagos","Architecture Studio","","Proyectos","NestOil Tower (Victoria Island)","NestOil Tower es una torre comercial de gran altura en Victoria Island; superficie aplicable (fachada+suelos+revestimientos interiores) muy probablemente superior a 2.000 m².","No","No determinable","Alto","Diseño+construcción+promoción","","No determinable","","","","Lagos, Nigeria (dirección exacta no verificada en esta pasada)","","Varios","Inglés","https://en.wikipedia.org/wiki/James_Inedu-George","","Diseñó la NestOil Tower, torre comercial cilíndrica y energéticamente eficiente en Victoria Island","Información limitada a snippet de búsqueda (vía referencia a James Inedu-George/Wikipedia); pendiente de verificar website propio y contacto en siguiente pasada.","Nigeria","Proyectos","Architecture Studio","Watch","Kit de muestras y prescripción temprana para memorias y acabados.","Baja","90","1","{""city"":""Lagos"",""x"":0.82,""y"":0.74,""score"":90,""rank"":1}"
"abuja-cosgrove-investment","Cosgrove Investment Limited","Abuja","Developer","","Proyectos","Cosgrove Smart Estate (Wuye, Mabushi, Guzape); The Fourteen","Desarrollador de 'estates' residenciales de lujo multi-fase en varias de las zonas más prestigiosas de Abuja (Wuye, Mabushi, Guzape, Katampe, Wuse 2, Maitama). Superficie total no determinable con precisión, pero por tratarse de estates completos de viviendas de lujo (múltiples unidades, múltiples fases) es razonable asumir superación del umbral de 2.000 m2 de superficie aplicable combinada por desarrollo.","No determinable","Oficina de ventas probable en sus estates; no se confirmó dirección exacta (web propia cosgroveinvestment.com no resuelta por DNS en esta sesión).","Alto","Diseño+construcción+promoción","","","","","","","cosgroveinvestment.com (dominio no resuelto en esta sesión, verificar ortografía exacta)","Varios","Inglés","https://www.9jadirectory.org/blog/top-10-real-estate-companies-in-abuja; https://www.dreamscottageestate.com/top-10-trusted-real-estate-companies-in-abuja/","","Considerado el promotor de lujo más innovador de Abuja; Lanzó el primer 'smart estate' de Nigeria en Wuye en 2018 (domótica, seguridad, gestión energética integradas); Portfolio en las direcciones más prestigiosas: Wuye, Mabushi, Guzape, Katampe, Wuse 2, Maitama","No se logró acceder a la web oficial (error DNS en WebFetch, probable error de dominio). Es el promotor de lujo mejor valorado en varias fuentes de terceros para Abuja — alta prioridad para contacto directo/especificación de producto, pendiente localizar web y contacto correctos en sesión futura (probar variantes de dominio o buscar en LinkedIn).","Nigeria","Proyectos","Developer","Media","Acuerdo de especificación para próximos desarrollos y muestras de proyecto.","Baja","76","2","{""city"":""Abuja"",""x"":0.53,""y"":0.4,""score"":76,""rank"":2}"
"abuja-brains-and-hammers","Brains and Hammers Ltd.","Abuja","Developer","","Proyectos","Brains & Hammers City (Life Camp, Abuja)","Estate de 72 hectáreas en Life Camp; empresa ha entregado más de 11.000 viviendas a nivel nacional desde su fundación en 2006. Un estate de esta escala supera ampliamente el umbral de 2.000 m2 de superficie aplicable combinada (encimeras+suelos+revestimientos en cientos de unidades).","No determinable","WebFetch a brainsandhammers.com devolvió error 500; no se confirmó oficina de ventas física en esta sesión (sí tiene perfiles activos en LinkedIn y Facebook).","Medio-Alto","Diseño+construcción+promoción","","","","","","Brains & Hammers City, Life Camp, Abuja","https://www.brainsandhammers.com (error 500 al intentar acceder en esta sesión)","Varios","Inglés","https://ng.linkedin.com/company/brains-and-hammers; https://www.facebook.com/BrainsandHammersNigeria/; https://www.9jadirectory.org/blog/top-10-real-estate-companies-in-abuja","","Una de las promotoras de más rápido crecimiento en Nigeria, segmento medio-alto/lujo; Enfoque en diseño superior, artesanía exquisita y precio competitivo; Flagship: Brains & Hammers City, 72 hectáreas en Life Camp, Abuja","Web propia dio error 500 en el momento del fetch (puede ser temporal); reintentar en sesión futura. Es uno de los mayores promotores activos en Abuja por volumen de unidades entregadas — prioridad alta para especificación de producto a gran escala (encimeras + posiblemente fachadas Dekton en fases de lujo).","Nigeria","Proyectos","Developer","Alta","Acuerdo de especificación para próximos desarrollos y muestras de proyecto.","Media","76","2","{""city"":""Abuja"",""x"":0.53,""y"":0.4,""score"":76,""rank"":2}"
"abuja-7fifteen-capital","7-Fifteen Capital Ltd.","Abuja","Developer","","Proyectos","Miira Villas (Jabi); Residence M (Maitama); The Six (Maitama); The Cove Lakeside; The Shore; 7-Fifteen Lakeside Estate (Jabi, completado); Myari Lakeside (completado)","Múltiples desarrollos residenciales y de uso mixto de alta gama en las zonas más prestigiosas de Abuja (Jabi, Maitama). Metraje exacto no determinable desde la web, pero el perfil 'luxury villas/residences' en Maitama y Jabi es compatible con superación del umbral de 2.000 m2 por proyecto al sumar varias unidades de lujo.","Sí","Oficina confirmada: Plot 826 Emmanuel Aguna Crescent, off Idris Ibrahim, Jabi, Abuja.","Alto","Diseño+construcción+promoción","","","","Admin@7fifteen.ng","Ventas: +234 818 465 0000 / Admin: +234 704 715 8000","Plot 826 Emmanuel Aguna Crescent, off Idris Ibrahim, Jabi, Abuja","https://www.7fifteen.ng/","Web propia","Inglés","https://www.7fifteen.ng/","","Firma de desarrollo inmobiliario de lujo especializada en residencial y uso mixto de alta gama; Portfolio activo de 8 proyectos en ubicaciones prime de Abuja (Jabi, Maitama); Contacto comercial y de administración claramente publicados","Una de las fichas más completas obtenidas (web propia accesible, datos de contacto claros). Pendiente: obtener metraje exacto de cada proyecto para confirmar superación del umbral de 2.000 m2 (recomendable solicitarlo en primera visita comercial).","Nigeria","Proyectos","Developer","Alta","Acuerdo de especificación para próximos desarrollos y muestras de proyecto.","Baja","76","2","{""city"":""Abuja"",""x"":0.53,""y"":0.4,""score"":76,""rank"":2}"
"abuja-ariel-realty","Ariel Realty","Abuja","Developer","","Proyectos","Colecciones: Luxury Duplexes (5, Abuja), Modern Serviced Terraces (5, Garki), Premium Smart Apartments (5, Centro de Abuja), Commercial Office Buildings (5 conceptos)","Portfolio de 25+ proyectos flagship entre residencial de lujo y oficinas comerciales en Garki y centro de Abuja. Volumen exacto en m2 no determinable desde la web; se recomienda validar en contacto directo.","Sí","Sede confirmada: House 4, Block 5 Wanune Cl, Garki, Abuja 900241, FCT.","Alto","Diseño+construcción+promoción","","","","hello@arielrealty.ng","+234 904 698 8273","House 4, Block 5 Wanune Cl, Garki, Abuja 900241, FCT","https://ariel-luxury-dev.lovable.app/","Web propia","Inglés","https://ariel-luxury-dev.lovable.app/","","Promotor de propiedades residenciales y comerciales de lujo 'elite' en Abuja; Énfasis en integridad arquitectónica y ubicaciones premium; También ofrece asesoría de inversión y gestión de propiedades","Web construida en plataforma lovable.app (posible startup/promotor en fase de crecimiento más que grupo consolidado); datos de contacto directos y completos obtenidos.","Nigeria","Proyectos","Developer","Alta","Acuerdo de especificación para próximos desarrollos y muestras de proyecto.","Alta","76","2","{""city"":""Abuja"",""x"":0.53,""y"":0.4,""score"":76,""rank"":2}"
"abuja-updc","UPDC (UAC Property Development Company)","Abuja","Developer","","Proyectos","Desarrollos premium/lujo en Wuse II y Apo","Único promotor inmobiliario cotizado en la Bolsa de Nigeria, respaldado por UAC of Nigeria Plc. Foco en activos premium y de lujo residenciales y comerciales. Volumen en m2 no determinable en esta sesión.","No determinable","No se verificó web/oficina propia en Abuja en esta sesión; dato proviene de artículos comparativos de terceros.","Alto","Diseño+construcción+promoción","","","","","","","","Varios","Inglés","https://www.9jadirectory.org/blog/top-10-real-estate-companies-in-abuja","","Promotor cotizado en bolsa, foco en activos premium y de lujo en Wuse II y Apo","Empresa consolidada y de gran escala (grupo UAC), pero no se verificó directamente su web en esta sesión. Alta prioridad por tamaño corporativo; pendiente de WebFetch directo a updcplc.com en sesión futura.","Nigeria","Proyectos","Developer","Media","Acuerdo de especificación para próximos desarrollos y muestras de proyecto.","Baja","76","2","{""city"":""Abuja"",""x"":0.53,""y"":0.4,""score"":76,""rank"":2}"
"abuja-urban-shelter","Urban Shelter Limited","Abuja","Developer","","Proyectos","Desarrollos en Jabi, Life Camp, Kubwa y otros distritos","Más de 5.000 unidades residenciales entregadas desde su fundación en 1991 en múltiples distritos de Abuja — volumen acumulado muy superior al umbral de 2.000 m2.","No determinable","No verificado directamente en esta sesión.","Medio-Alto","Diseño+construcción+promoción","","","","","","","","Varios","Inglés","https://www.9jadirectory.org/blog/top-10-real-estate-companies-in-abuja","","Promotor veterano (desde 1991) con más de 5.000 unidades entregadas en Abuja","Pendiente de WebFetch directo a su web propia en sesión futura para datos de contacto y evidencia de segmento exacto.","Nigeria","Proyectos","Developer","Media","Acuerdo de especificación para próximos desarrollos y muestras de proyecto.","Baja","76","2","{""city"":""Abuja"",""x"":0.53,""y"":0.4,""score"":76,""rank"":2}"
"abuja-mshel-homes","Mshel Homes Limited","Abuja","Developer","","Proyectos","Desarrollos en Asokoro, Apo, Guzape, Lugbe","Promotor en corredores de crecimiento emergentes de Abuja; volumen por proyecto no determinable, segmento mid-range/land-banking.","No determinable","No verificado directamente en esta sesión.","Medio","Diseño+construcción+promoción","","","","","","","https://mshelhomes.com/","Varios","Inglés","https://www.9jadirectory.org/blog/top-10-real-estate-companies-in-abuja; https://mshelhomes.com/real-estate/best-real-estate-company-in-abuja/","","Fundada en 2018, foco en corredores de crecimiento Asokoro/Apo/Guzape/Lugbe, segmento medio","Segmento más medio que lujo puro; prioridad secundaria frente a Cosgrove/7-Fifteen/Ariel/UPDC para especificación premium, pero volumen interesante por escala de unidades.","Nigeria","Proyectos","Developer","Alta","Acuerdo de especificación para próximos desarrollos y muestras de proyecto.","Media","76","2","{""city"":""Abuja"",""x"":0.53,""y"":0.4,""score"":76,""rank"":2}"
"abuja-julius-berger","Julius Berger Nigeria Plc","Abuja","Contractor","","Proyectos","National Assembly Complex; Aso Rock Presidential Villa; múltiples proyectos de infraestructura y edificación","La mayor constructora de Nigeria, con proyectos insignia de gran escala (sedes gubernamentales). Volumen de superficie aplicable muy superior al umbral de 2.000 m2 en sus proyectos de edificación institucional/corporativa.","Sí","Oficina confirmada en 10 Shetima Ali Mungono Cres, Crescent, Abuja.","Alto","Diseño+construcción+promoción","","","","","","10 Shetima Ali Mungono Cres, Crescent, Abuja","https://julius-berger.com","Varios","Inglés","https://sabiabuja.com/construction-companies-in-abuja/; https://en.wikipedia.org/wiki/Julius_Berger_(company)","","Constructora líder de Nigeria, principal contratista de infraestructura pública y proyectos emblemáticos; Capacidad técnica y de gran escala, incluye edificios corporativos/gubernamentales de alta especificación","Especificador técnico clave a nivel país; aunque su foco histórico es infraestructura (carreteras/puentes), también ejecuta edificación institucional de alta gama donde superficies premium podrían especificarse. Prioridad alta como contacto técnico/comercial, aunque el ciclo de venta probablemente sea largo y pase por licitación pública.","Nigeria","Proyectos","Contractor","Alta","Abrir vía procurement: homologación, ficha técnica y suministro por obra.","Media","76","2","{""city"":""Abuja"",""x"":0.53,""y"":0.4,""score"":76,""rank"":2}"
"abuja-elalan-construction","Elalan Construction Company","Abuja","Contractor","","Proyectos","Nicon Luxury Hotel (2013)","Constructora premiada fundada en 1982; su proyecto insignia en Abuja es un hotel de lujo (Nicon Luxury Hotel), tipología con alto consumo potencial de superficies premium (lobbies, fachadas, baños, suelos) y probablemente por encima del umbral de 2.000 m2 combinados.","No determinable","No se verificó web propia/oficina en esta sesión.","Alto","Diseño+construcción+promoción","","","","","","","","Varios","Inglés","https://sabiabuja.com/construction-companies-in-abuja/; https://www.elalan.com/post/top-construction-companies-in-abuja","","Constructora premiada desde 1982, 4.4 estrellas en Google con 327 reseñas, especializada en proyectos emblemáticos tipo hotel de lujo","Relevante específicamente por su perfil hotelero de lujo (Nicon Luxury Hotel) — segmento hotelero es prioritario para Dekton/Silestone en fachadas, suelos y baños. Pendiente localizar web propia para contacto directo.","Nigeria","Proyectos","Contractor","Media","Abrir vía procurement: homologación, ficha técnica y suministro por obra.","Baja","76","2","{""city"":""Abuja"",""x"":0.53,""y"":0.4,""score"":76,""rank"":2}"
"abuja-itb-chagoury","ITB Nigeria Limited (Chagoury Group)","Abuja","Contractor","","Proyectos","National Assembly Complex Phase 2 (Green Dome)","Proyecto gubernamental de gran escala (cúpula verde del Complejo de la Asamblea Nacional) construido en 30 meses; superficie aplicable de edificación institucional de este tipo normalmente supera ampliamente 2.000 m2.","No determinable","No se verificó web/oficina propia en esta sesión.","Alto","Diseño+construcción+promoción","","","","","","","","Varios","Inglés","https://sabiabuja.com/construction-companies-in-abuja/; https://en.wikipedia.org/wiki/Chagoury_Group","","Parte del Chagoury Group, fundada en 1995, especializada en proyectos gubernamentales emblemáticos de gran escala","Contratista de proyectos gubernamentales de gran escala; ciclo de venta probablemente vía licitación pública y contratistas de acabados, no venta directa. Pendiente localizar contacto directo.","Nigeria","Proyectos","Contractor","Media","Abrir vía procurement: homologación, ficha técnica y suministro por obra.","Baja","76","2","{""city"":""Abuja"",""x"":0.53,""y"":0.4,""score"":76,""rank"":2}"
"abuja-adkan-services","Adkan Services Nigeria Limited","Abuja","Contractor","","Proyectos","","Especializada en construcción de edificios, ingeniería civil y gestión de proyectos, con foco explícito en propiedades residenciales y comerciales premium — volumen por proyecto no determinable, pero el posicionamiento 'premium' es relevante para Cosentino.","Sí","Oficina confirmada: 50 Arsenal Street, Suncity, Abuja 900107.","Alto","Diseño+construcción+promoción","","","","","","50 Arsenal Street, Suncity, Abuja 900107","https://adkanservices.com.ng","Varios","Inglés","https://sabiabuja.com/construction-companies-in-abuja/","","Foco explícito en construcción de propiedades residenciales y comerciales premium en Abuja","Único contratista 'premium' de la lista de sabiabuja.com con dirección y web propia confirmadas; buen candidato para contacto directo. Pendiente WebFetch de su web propia para más detalle.","Nigeria","Proyectos","Contractor","Media","Abrir vía procurement: homologación, ficha técnica y suministro por obra.","Baja","76","2","{""city"":""Abuja"",""x"":0.53,""y"":0.4,""score"":76,""rank"":2}"
"abuja-dutum-group","Dutum Group Construction Company","Abuja","Contractor","También activa en desarrollo inmobiliario (real estate development)","Proyectos","","Empresa establecida en 1999 con actividad combinada de ingeniería civil, desarrollo inmobiliario e infraestructura; volumen por proyecto no determinable en esta sesión.","Sí","Oficina confirmada: No 10 Danube Close, off Danube Crescent, Maitama, Abuja (zona premium).","Medio-Alto","Diseño+construcción+promoción","","","","","","No 10 Danube Close, off Danube Crescent, Maitama, Abuja","https://dutumgroup.com","Varios","Inglés","https://sabiabuja.com/construction-companies-in-abuja/","","Grupo con actividad dual construcción + desarrollo inmobiliario, oficina en Maitama","Oficina en Maitama (zona premium) sugiere orientación hacia segmento alto; pendiente WebFetch directo a dutumgroup.com para verificar proyectos concretos y volumen.","Nigeria","Proyectos","Developer","Media","Acuerdo de especificación para próximos desarrollos y muestras de proyecto.","Baja","76","2","{""city"":""Abuja"",""x"":0.53,""y"":0.4,""score"":76,""rank"":2}"
"abuja-jeccl","JECCL (Jedha Engineering and Construction Company Limited)","Abuja","Architecture Studio","Combina diseño arquitectónico, ingeniería estructural, gestión de proyectos y construcción (especificador técnico de diseño+construcción); sede principal en Lagos con oficina adicional en Abuja","Proyectos","","Cubre proyectos comerciales, residenciales, educativos, retail, patrimonio y ocio; volumen por proyecto no determinable en esta sesión, pero su alcance sectorial amplio y capacidad de diseño+construcción la hacen relevante como especificador técnico.","Sí","Oficina adicional confirmada en Suite 496/497 Block D3 HFP East Complex, Abraham Adesanya, Ajah (aunque esta dirección es de Lagos/Ajah, no de Abuja propiamente; la empresa declara 'operar desde Lagos y Abuja').","Medio-Alto","Diseño+construcción+promoción","","","","info@jeccl.com","+234 8164538836 / +234 8135862769","Suite 10, Kotun Plaza, Sangotedo, Ajah, Lagos (sede); oficina declarada también en Abuja, dirección exacta de Abuja no determinada","https://jeccl.com","Web propia","Inglés","https://jeccl.com/high-rise-architecture-firms-nigeria/","","Diseño arquitectónico, ingeniería estructural y gestión de proyectos, incluye soluciones de 'green building' y 'smart building'; Declara operar tanto en Lagos como en Abuja, aunque la dirección confirmada es de Ajah (Lagos)","OJO: aunque declara presencia en Abuja, la dirección física confirmada corresponde a Lagos/Ajah — se incluye en el dataset de Abuja solo porque la empresa afirma operar allí, pero la evidencia de exposición física en Abuja específicamente es débil. Revisar si debe duplicarse también en el dataset de Lagos (coordinar con el agente de Lagos para evitar duplicados).","Nigeria","Proyectos","Architecture Studio","Media","Kit de muestras y prescripción temprana para memorias y acabados.","Alta","76","2","{""city"":""Abuja"",""x"":0.53,""y"":0.4,""score"":76,""rank"":2}"
"port-harcourt-rawland-development","Rawland Development Ltd","Port Harcourt","Developer","Promotor que diseña, construye, equipa y mantiene estates residenciales","Proyectos","City Pride, Golf Estate y Reef Court","La web lista varios estates de 2, 3 y 4 dormitorios, Golf Estate en Odili Road descrito como largest luxury estate in South-South y Reef Court como live & leisure estate. Superficie total no publicada; el número de desarrollos y unidades permite tratarlo como pipeline multisitio, no como m² auditados.","Sí","Oficina en RivTAF Business Complex, Golf Estate, off Peter Odili Road, Trans Amadi, Port Harcourt.","Alto","Diseño+construcción+promoción","","","","hello@rawlanddev.com","+234 91 6050 0070; +234 91 2445 4444","RivTAF Business Complex, Golf Estate, Off Peter Odili Road, Trans Amadi, Port Harcourt","https://www.rawlanddev.com/projects","Web propia","Inglés","https://www.rawlanddev.com/projects","No se mencionan marcas de superficies","Promotor local de lujo; Concentración en Peter Odili/Trans Amadi y corredores residenciales; Cuenta prioritaria para especificación de cocinas, baños y fachadas","Candidato developer prioritario. La web muestra proyectos y precios, pero no planos ni take-off; se debe pedir número de unidades, fases y acabados previstos.","Nigeria","Proyectos","Developer","Alta","Acuerdo de especificación para próximos desarrollos y muestras de proyecto.","Alta","72","3","{""city"":""Port Harcourt"",""x"":0.3,""y"":0.63,""score"":72,""rank"":3}"
"port-harcourt-new-port-city-rainbow-heritage","Rainbow Heritage Group / New Port City","Port Harcourt","Developer","Joint venture de desarrollo urbano con supervisión de Greater Port-Harcourt City Development Authority","Proyectos","New Port City","Masterplan de 1.000 hectáreas en el eje Eleme, con distritos residenciales, comerciales, agrícolas, industriales y recreativos, incluyendo categorías medium-high y luxury. Superficie aplicable de Cosentino no publicada; escala ampliamente superior al umbral de 2.000 m².","No determinable","La web documenta el desarrollo en Eleme y la joint venture, pero no muestra oficina comercial de Port Harcourt en el extracto.","Alto","Diseño+construcción+promoción","","","","","","Eleme axis, Greater Port Harcourt City Masterplan, Rivers State","https://www.newport-city.com/","Web propia","Inglés","https://www.newport-city.com/","","1.000 hectáreas; Mixed-use y smart-city orientation; Proximidad a Onne Free Trade Zone","Cuenta de especificación estratégica. La escala es excepcional, pero parte del desarrollo puede estar fuera del segmento premium y en fases largas; segmentar por edificios, hospitality y residencias luxury.","Nigeria","Proyectos","Developer","Alta","Acuerdo de especificación para próximos desarrollos y muestras de proyecto.","Alta","72","3","{""city"":""Port Harcourt"",""x"":0.3,""y"":0.63,""score"":72,""rank"":3}"
"port-harcourt-ph-airportcity","PH-AirportCity","Port Harcourt","Developer","Promoción de comunidad residencial master-planned con casas y amenities","Proyectos","PH-AirportCity","Comunidad residencial master-planned cerca del aeropuerto; publica amenities, roads, conference centre, drainage, gas-powered energy y security. Número de viviendas y m² no publicados; escala y repetición de unidades pueden superar 2.000 m² en fases.","Sí","Contacto/visita en No. 118 Woji Road, GRA Phase 2, Port Harcourt.","Alto","Diseño+construcción+promoción","","","","info@phairportcity.com","08094222225; 08037652434","No. 118 Woji Road, GRA Phase 2, Port Harcourt, Rivers State","https://phairportcity.com/","Web propia","Inglés","https://phairportcity.com/","","Master-planned estate; Amenity package y security premium; Ubicación Woji/GRA y proximidad al aeropuerto","Developer local para atacar con especificación por prototipos de vivienda, cocina y amenities. Confirmar fases, unidades y contratista principal.","Nigeria","Proyectos","Developer","Alta","Acuerdo de especificación para próximos desarrollos y muestras de proyecto.","Alta","72","3","{""city"":""Port Harcourt"",""x"":0.3,""y"":0.63,""score"":72,""rank"":3}"
"port-harcourt-sow-real-estates","SOW Real Estates Nigeria Ltd","Port Harcourt","Developer","Desarrollo residencial y comercial con presencia en Abuja, Lagos y Port Harcourt","Proyectos","","La empresa declara presencia en Port Harcourt y posicionamiento de luxury real estate, pero la página corporativa no da un proyecto PH concreto ni m².","No determinable","La web confirma presencia geográfica, pero no publica dirección de oficina de Port Harcourt en el contenido revisado.","Alto","Diseño+construcción+promoción","","","Uzo Onukwubiri, MD/CEO","","","","https://www.sowprojectsafrica.com/about/","Web propia","Inglés","https://www.sowprojectsafrica.com/about/","","Se posiciona como luxury real estate brand; Presencia declarada en Port Harcourt; Desarrolla residencial y comercial","Lead de developer regional. No debe entrar en forecast hasta localizar proyecto PH y equipo de compras/especificación.","Nigeria","Proyectos","Developer","Media","Acuerdo de especificación para próximos desarrollos y muestras de proyecto.","Alta","72","3","{""city"":""Port Harcourt"",""x"":0.3,""y"":0.63,""score"":72,""rank"":3}"
"port-harcourt-nexora-experience","NEXORA","Port Harcourt","Developer","Promotor de smart green estates, wellness real estate y mixed-use","Proyectos","Eco Savana / Nexora Crest / Nexora Echelon","Eco Savana se presenta como resort estate para 31 familias; Nexora Crest ofrece duplexes de 3 dormitorios y Echelon será mixed-use. Las cifras de unidades y superficies completas no están publicadas, pero el pipeline es repetible y premium.","No determinable","La web identifica proyectos en Omagwa e Iwofe/Lifeforte, Port Harcourt, sin dirección de oficina completa.","Alto","Diseño+construcción+promoción","","","","","","Omagwa e Iwofe/Lifeforte, Port Harcourt, Rivers State","https://nexoraexperience.com/","Web propia","Inglés","https://nexoraexperience.com/","","Smart, green y wellness positioning; 31-family resort estate; Mixed-use landmark en pipeline","Cuenta de especificación de valor, especialmente para Dekton exterior, cocinas, baños y amenities. Confirmar si compra por proyecto o a través de contractor.","Nigeria","Proyectos","Developer","Alta","Acuerdo de especificación para próximos desarrollos y muestras de proyecto.","Alta","72","3","{""city"":""Port Harcourt"",""x"":0.3,""y"":0.63,""score"":72,""rank"":3}"
"port-harcourt-vertex-city","Vertex City Limited","Port Harcourt","Developer","Promoción de estates, property management y land development en Rivers State","Proyectos","Nova Prime Exclusive, Opal Residence y Jordan Crest","Declara 6 estates listados, 400+ clientes y NGN1bn+ total invested; publica varios desarrollos en Etche, Omagwa y Aluu. m² construidos no publicados; pipeline multisitio de escala media.","No determinable","La web prueba proyectos en el catchment de Port Harcourt, pero no publica oficina física completa.","Alto","Diseño+construcción+promoción","NGN1bn+ total invested declarado; no equivale a facturación","","David Olowo, figura pública de la empresa","","","Rivers State; proyectos en Odufor/Etche, Omagwa y Aluu","https://vertexcitylimited.com/en/","Web propia","Inglés","https://vertexcitylimited.com/en/","","6 estates listados; 400+ customers y NGN1bn+ invested declarados; Orientación a elite living y high ROI","Prioridad media-alta como promotor de varios estates. Verificar qué unidades se entregan con cocina/baño especificados y quién transforma las slabs.","Nigeria","Proyectos","Developer","Alta","Acuerdo de especificación para próximos desarrollos y muestras de proyecto.","Alta","72","3","{""city"":""Port Harcourt"",""x"":0.3,""y"":0.63,""score"":72,""rank"":3}"
"port-harcourt-mercury-engineering-construction","Mercury Engineering and Construction Company Limited","Port Harcourt","Contractor","EPCIC, obra civil, edificios, MEP y proyectos oil & gas","Proyectos","Mobil Dormitories & Utilities; UBETA Main Development; Rivers Monorail Stations","Declara 30+ años, 185+ skilled personnel y 50+ major projects. Publica EPC de dormitories/utilities de Mobil, edificios técnicos y estaciones de monorail; volumen aplicable de superficies no desglosado, pero escala claramente por encima de un proyecto residencial individual.","Sí","Oficina en 308 P.H./Aba Expressway, Rumuokwurushi, Port Harcourt.","No determinable","Diseño+instalación+suministro","","185+ skilled personnel declarados","","mercuryengr@mecnig.com","+234 813 6771155","308 P.H./ABA Expressway, Rumuokwurushi, Port Harcourt, Nigeria","https://www.mecnig.com/","Web propia","Inglés","https://www.mecnig.com/; https://mecnig.com/projects","","EPCIC y building construction; Proyectos Mobil/TotalEnergies y transporte; Escala técnica y oil-and-gas","No es un canal retail; es puerta de entrada a especificación de edificios, dormitories, oficinas y hospitality ligados al sector energético.","Nigeria","Proyectos","Contractor","Alta","Abrir vía procurement: homologación, ficha técnica y suministro por obra.","Alta","72","3","{""city"":""Port Harcourt"",""x"":0.3,""y"":0.63,""score"":72,""rank"":3}"
"port-harcourt-wilton-services","Wilton Services Nigeria Limited","Port Harcourt","Contractor","Construcción civil y mecánica, procurement, EPC y environmental management para oil & gas","Proyectos","Oil & gas infrastructure and facilities programme","Declara 24+ años y clientes como Addax, Agip, Esso, NCDMB, NPDC y SEEPCO. No publica m², pero su alcance EPC y facility development permite identificar edificios, oficinas y residencias de soporte como oportunidades.","Sí","Oficina en KM 15, Airport Road, Rumuodomaya, Port Harcourt.","No determinable","Diseño+instalación+suministro","","","","info@wiltonservices.com","+234 903 513 4348; +234 803 340 7860","KM 15, Airport Road, Rumuodomaya, Port Harcourt, Rivers State","https://wiltonservices.com/","Web propia","Inglés","https://wiltonservices.com/","","24+ years; EPC y environmental management; Relación con operadores oil & gas","Especificador/contratista con acceso a proyectos industriales y de alojamiento. Validar si compra acabados arquitectónicos o subcontrata completamente.","Nigeria","Proyectos","Contractor","Alta","Abrir vía procurement: homologación, ficha técnica y suministro por obra.","Alta","72","3","{""city"":""Port Harcourt"",""x"":0.3,""y"":0.63,""score"":72,""rank"":3}"
"port-harcourt-martog-global-services","Martog Global Services Limited","Port Harcourt","Contractor","EPCIC indígena, flowline construction, marine operations y commissioning","Proyectos","Niger Delta oil & gas EPCIC portfolio","La web indica sede en Port Harcourt, proyectos 2022–2026 y capacidad de líneas 4–36 pulgadas. No hay m² de acabados; se incluye por acceso a bases, oficinas, campamentos y edificios auxiliares de gran escala.","Sí","La web identifica Port Harcourt como headquarters.","No determinable","Diseño+instalación+suministro","","","","","","Port Harcourt, Rivers State, Nigeria","https://www.martoglobal.com/","Web propia","Inglés","https://www.martoglobal.com/","","EPCIC y marine logistics; Sede en Port Harcourt; Trabaja para operadores oil & gas","Cuenta de procurement técnico; la oportunidad Cosentino es secundaria y vinculada a edificios y hospitality, no a tubería o instalaciones industriales.","Nigeria","Proyectos","Contractor","Alta","Abrir vía procurement: homologación, ficha técnica y suministro por obra.","Alta","72","3","{""city"":""Port Harcourt"",""x"":0.3,""y"":0.63,""score"":72,""rank"":3}"
"port-harcourt-above-limit-ventures","Above-Limit Nigeria Ventures Limited","Port Harcourt","Contractor","Contratista indígena oil & gas, EPC e industrial services","Proyectos","Niger Delta EPC and industrial services portfolio","La web declara sede en Port Harcourt, 10 service lines y capacidad EPC para operadores upstream/downstream. No se publican m² ni obras con acabados; tratar como especificador indirecto.","Sí","La empresa se identifica como headquartered in Port Harcourt.","No determinable","Diseño+instalación+suministro","","","","","","Port Harcourt, Rivers State, Nigeria","https://www.abovelimit.ng/","Web propia","Inglés","https://www.abovelimit.ng/","","EPC para upstream/downstream; Sede local; Estándares NUPRC/DPR y HSE","Cuenta de baja prioridad inicial para superficies, pero relevante en el mapa de contratistas del hub energético.","Nigeria","Proyectos","Contractor","Alta","Abrir vía procurement: homologación, ficha técnica y suministro por obra.","Alta","72","3","{""city"":""Port Harcourt"",""x"":0.3,""y"":0.63,""score"":72,""rank"":3}"
"port-harcourt-benejaf-international","Benejaf International Limited","Port Harcourt","Contractor","Ingeniería, construcción, energía, civil, mecánica y eléctrica","Proyectos","","Declara 30+ años, 80+ proyectos y cuatro oficinas; trabaja para gobierno, oil & gas y clientes privados. No se publica m² de un proyecto PH concreto.","Sí","La web identifica Port Harcourt como headquarters y operaciones nacionales.","No determinable","Diseño+instalación+suministro","","","","","","Port Harcourt, Rivers State, Nigeria","https://www.benejaf.com/","Web propia","Inglés","https://www.benejaf.com/","","80+ projects declarados; 30+ años de operación; Clientes de gobierno, oil & gas y sector privado","Constructor regional con acceso a proyectos de escala. Debe calificarse mediante portafolio de edificios, no solo infraestructura.","Nigeria","Proyectos","Contractor","Alta","Abrir vía procurement: homologación, ficha técnica y suministro por obra.","Alta","72","3","{""city"":""Port Harcourt"",""x"":0.3,""y"":0.63,""score"":72,""rank"":3}"
"port-harcourt-kamharis-energy","Kamharis Energy Limited","Port Harcourt","Especificador Técnico","EPC, engineering/design, procurement y technical coatings para oil & gas","Proyectos","","La empresa publica presencia en Port Harcourt y proyectos de engineering/coatings para oil & gas; no publica superficie construida ni acabados arquitectónicos.","Sí","La web indica headquarters en Port Harcourt y sucursales en UK, Lagos, Abuja, Uganda y Tanzania.","No determinable","Diseño+instalación+suministro","","","","","","Port Harcourt, Rivers State, Nigeria","https://kamharisenergy.com/","Web propia","Inglés","https://kamharisenergy.com/","","EPC y technical coatings; Oil & gas focus; Operación africana y sede en Port Harcourt","Especificador técnico de baja prioridad para superficies interiores, pero puede abrir puertas a edificios de soporte y facility upgrades.","Nigeria","Proyectos","Especificador Técnico","Media","Formación técnica y acompañamiento de especificación en proyectos complejos.","Alta","72","3","{""city"":""Port Harcourt"",""x"":0.3,""y"":0.63,""score"":72,""rank"":3}"
"port-harcourt-ariosh","Ariosh","Port Harcourt","Contractor","Engineering, procurement, fabrication, construction y marine logistics","Proyectos","Rumuolumeni Fabrication & Marine Logistics Base","La base de fabricación de Rumuolumeni se describe con aproximadamente 13 hectáreas; es una señal de escala muy superior al umbral de 2.000 m², aunque el área aplicable a superficies arquitectónicas no está desglosada.","Sí","La web publica una base de fabricación y marine logistics en Rumuolumeni, Port Harcourt.","No determinable","Diseño+instalación+suministro","","","","","","Rumuolumeni, Port Harcourt, Rivers State, Nigeria","https://www.ariosh.com/","Web propia","Inglés","https://www.ariosh.com/","","Base de 13 hectáreas declarada; EPC y fabrication para energía; Acceso a IOCs y marginal field operators","Cuenta de escala industrial. La oportunidad de Cosentino estaría en oficinas, hospitality y alojamiento de personal, no en la fabricación pesada.","Nigeria","Proyectos","Contractor","Alta","Abrir vía procurement: homologación, ficha técnica y suministro por obra.","Alta","72","3","{""city"":""Port Harcourt"",""x"":0.3,""y"":0.63,""score"":72,""rank"":3}"
"port-harcourt-statia-construction","STATIA Construction & Engineering Limited","Port Harcourt","Contractor","Engineering, construction, maintenance y oil & gas services","Proyectos","Oil & gas facilities and building maintenance portfolio","Declara clientes Shell, Agip, Total, NPDC/NNPC y ExxonMobil, equipos y activos propios. No se publica volumen de acabados ni un proyecto de superficie identificable.","Sí","Oficina en Plot 68 Ordinance Road, Trans Amadi Industrial Area, Port Harcourt.","No determinable","Diseño+instalación+suministro","","","","info@statiaconseng.com","+234 802 644 2220","Plot 68 Ordinance Road, Trans Amadi Industrial Area, Port Harcourt, Rivers State","https://statiaconseng.com/","Web propia","Inglés","https://statiaconseng.com/","","Trans Amadi location; Clientes multinacionales oil & gas; Capacidad de proyectos y maintenance","Cuenta de especificación/contratación secundaria para edificios e instalaciones. Su localización en Trans Amadi facilita visita conjunta con Stone Depot y partners.","Nigeria","Proyectos","Contractor","Alta","Abrir vía procurement: homologación, ficha técnica y suministro por obra.","Alta","72","3","{""city"":""Port Harcourt"",""x"":0.3,""y"":0.63,""score"":72,""rank"":3}"
"port-harcourt-elalan-construction","Elalan Construction Company","Port Harcourt","Contractor","Constructor residencial, comercial, industrial y civil","Proyectos","","Un ranking sectorial de 2026 lo coloca como empresa principal de construcción en Port Harcourt, con especialidad residencial, comercial e industrial. No se publica un proyecto PH concreto ni m² en la ficha de búsqueda.","No determinable","La fuente confirma actividad y experiencia en Port Harcourt, pero no se verificó una oficina local en esta pasada.","Alto","Diseño+instalación+suministro","El artículo citado reporta NGN567.7bn de revenue 2024 para Julius Berger, no para Elalan; no se asigna cifra a Elalan","","","","","Port Harcourt, Rivers State; dirección local no verificada","https://www.elalan.com/post/top-construction-companies-port-harcourt","Web propia","Inglés","https://www.elalan.com/post/top-construction-companies-port-harcourt","Mármol, granito y porcelánico en el ecosistema de proveedores; no marca asignada","Aparece en ranking de constructoras principales de Port Harcourt; Trabaja residencial, comercial e industrial; Debe abordarse como especificador/contratista","La fuente es un artículo de la propia empresa y lista de terceros; requiere verificación con portafolio, oficina y persona de compras antes de priorizar.","Nigeria","Proyectos","Contractor","Media","Abrir vía procurement: homologación, ficha técnica y suministro por obra.","Alta","72","3","{""city"":""Port Harcourt"",""x"":0.3,""y"":0.63,""score"":72,""rank"":3}"
"port-harcourt-julius-berger-nigeria","Julius Berger Nigeria Plc","Port Harcourt","Contractor","Construcción e ingeniería de infraestructura y edificios con actividad en el sur de Nigeria","Proyectos","Port Harcourt Ring Road and major building/infrastructure works","La empresa tiene presencia en Port Harcourt y participación documentada en grandes obras; la Ring Road es una infraestructura de gran escala, aunque su superficie de acabados Cosentino no es aplicable directamente. Se mantiene como puerta de entrada a edificios y hospitality, no como forecast de slabs.","Sí","La presencia y obra Port Harcourt están documentadas en la nota corporativa de Ring Road y en fuentes sectoriales.","No determinable","Diseño+instalación+suministro","","","","","","Port Harcourt operations; dirección local no verificada","https://www.julius-berger.com/fileadmin/julius_berger_nigeria_pictures/7_0_press/press_releases/news/2023.06.19_news_release_ring_road_ph.pdf","Web propia","Inglés","https://www.julius-berger.com/fileadmin/julius_berger_nigeria_pictures/7_0_press/press_releases/news/2023.06.19_news_release_ring_road_ph.pdf","","Gran constructor nacional; Acceso a grandes proyectos públicos y corporativos; Partner potencial de especificación, no retail","Cuenta estratégica de largo ciclo. Aprovechar relaciones de Blanca Luxury/otros diseñadores solo como introducción; mapear procurement y arquitectos de edificios.","Nigeria","Proyectos","Contractor","Alta","Abrir vía procurement: homologación, ficha técnica y suministro por obra.","Alta","72","3","{""city"":""Port Harcourt"",""x"":0.3,""y"":0.63,""score"":72,""rank"":3}"
"port-harcourt-monier-construction-mcc","Monier Construction Company (MCC)","Port Harcourt","Contractor","Construcción de carreteras, puentes, edificios y obra civil","Proyectos","","La fuente sectorial de 2026 lo lista entre las principales constructoras de Port Harcourt y señala headquarters local. No hay proyecto premium concreto ni m² de superficies.","Sí","El ranking sectorial identifica a MCC como empresa con base en Port Harcourt.","No determinable","Diseño+instalación+suministro","","","","","","Port Harcourt, Rivers State; dirección no verificada","https://www.elalan.com/post/top-construction-companies-port-harcourt","Varios","Inglés","https://www.elalan.com/post/top-construction-companies-port-harcourt","","Headquarters en Port Harcourt según ranking; Obra civil y building construction; Candidato secundario de especificación","Incluido para completar el mapa de contractors locales; la prioridad para Cosentino es baja hasta localizar edificios, hoteles u oficinas en su cartera.","Nigeria","Proyectos","Contractor","Alta","Abrir vía procurement: homologación, ficha técnica y suministro por obra.","Media","72","3","{""city"":""Port Harcourt"",""x"":0.3,""y"":0.63,""score"":72,""rank"":3}"
"port-harcourt-saipem-nigeria","Saipem Nigeria","Port Harcourt","Contractor","EPC offshore/onshore, pipelines, power plants, fabrication y maintenance","Proyectos","Port Harcourt operational base and Niger Delta EPC portfolio","Fuente pública identifica una nueva operational base en Rumulumeni y servicios EPC para oil & gas. No hay m² de acabados; incluir como acceso a oficinas, bases y facilities, no como demanda directa confirmada.","Sí","La fuente pública identifica base operativa en Rumulumeni, Port Harcourt.","No determinable","Diseño+instalación+suministro","","","","","","Rumulumeni, Port Harcourt, Rivers State","","Varios","Inglés","https://en.wikipedia.org/wiki/Saipem_Nigeria","","Base local en Rumulumeni; EPC y fabrication para IOCs; Cuenta de largo ciclo y procurement técnico","No se encontró una página corporativa local actual accesible. Se conserva como lead histórico/sectorial y debe confirmarse la actividad actual antes de visita.","Nigeria","Proyectos","Contractor","Alta","Abrir vía procurement: homologación, ficha técnica y suministro por obra.","Media","72","3","{""city"":""Port Harcourt"",""x"":0.3,""y"":0.63,""score"":72,""rank"":3}"
"port-harcourt-transcorp-hotels-grand-port-harcourt","Transcorp Hotels Plc","Port Harcourt","Developer","Promoción/desarrollo hotelero y hospitality","Proyectos","Proposed 250-room Port Harcourt hotel / Project Grandeur","Prospecto de proyecto describe hotel de 250 habitaciones con conference and leisure facilities en 10.141 m² de terreno en Evo Road, Port Harcourt GRA. La superficie aplicable de encimeras, baños, lobby y revestimientos no está desglosada, pero supera ampliamente el umbral de 2.000 m² de terreno y es una oportunidad hospitality clara.","Sí","El prospecto identifica emplazamiento en Evo Road, Port Harcourt GRA.","Alto","Diseño+construcción+promoción","","","","","","Evo Road, Port Harcourt GRA, Rivers State","https://www.transcorphotels.com/wp-content/uploads/2019/04/PROJECT-GRANDEUR-Draft-Abridged-Prospectus-250914.pdf","Web propia","Inglés","https://www.transcorphotels.com/wp-content/uploads/2019/04/PROJECT-GRANDEUR-Draft-Abridged-Prospectus-250914.pdf","","250 habitaciones; 10.141 m² de terreno; Hospitality, conference y leisure: aplicaciones Dekton/Silestone","El documento es histórico/propuesto y no confirma estado 2026; usar como lead de pipeline a revalidar con Transcorp o el operador actual.","Nigeria","Proyectos","Developer","Alta","Acuerdo de especificación para próximos desarrollos y muestras de proyecto.","Alta","72","3","{""city"":""Port Harcourt"",""x"":0.3,""y"":0.63,""score"":72,""rank"":3}"
